v -2.096858 -3.923549 1.190263
v -2.069844 -3.978529 1.094245
v -2.032914 -3.992047 1.436462
v -2.141100 -3.687433 1.419967
v -2.124480 -3.781821 1.348157
v -2.112812 -3.864749 1.266777
v -1.954988 -4.429365 1.191875
v -2.015894 -4.071062 0.855275
v -1.932924 -4.136019 0.634153
v -1.901632 -4.378469 0.889739
v -1.721492 -4.395415 0.637805
v -1.961374 -4.384151 1.383709
v -1.945460 -4.278493 1.445228
v -1.710126 -4.558395 0.885813
v -1.708192 -4.705989 1.213855
v -1.633732 -4.694549 1.360847
v -1.678704 -4.577081 1.434640
v -1.932950 -4.287221 1.686705
v -1.682076 -4.565879 1.686065
v -1.282872 -4.718051 1.686173
v -1.275802 -4.728057 1.461928
v -1.276722 -4.660781 0.674557
v -1.388844 -4.781417 0.913075
v -1.361036 -4.851351 1.373739
v -0.000400 -4.673314 0.656633
v -0.000400 -4.950073 0.912055
v -0.000400 -4.968011 1.330833
v -0.000400 -4.826521 1.442418
v -0.000400 -4.768553 1.694834
v -0.000400 -4.778034 1.994779
v -1.317382 -4.666217 2.060243
v -1.125612 -4.666374 2.234373
v -0.000414 -4.664709 2.291418
v -0.000409 -4.743528 2.199127
v -1.179510 -4.497789 2.287466
v -1.705340 -4.229579 2.228105
v -1.482841 -4.468124 2.180801
v -1.406358 -4.559200 2.144323
v -1.508657 -4.299797 2.277024
v -1.635244 -4.130569 2.303777
v -1.867060 -4.275491 2.043491
v -2.079212 -2.313863 0.749703
v -2.005722 -1.172943 0.743881
v -1.962558 -1.184761 0.489689
v -2.006882 -2.297459 0.475723
v -2.159372 -2.738987 1.416501
v -2.163358 -2.830483 1.468349
v -2.133650 -2.143205 1.356135
v -2.152894 -2.622413 1.329535
v -2.147675 -2.533925 1.238693
v -2.142434 -2.457843 1.148493
v -2.166146 -3.046101 1.521147
v -2.166697 -3.202091 1.538351
v -2.174656 -2.946215 1.781519
v -2.109890 -3.388225 1.807643
v -2.012436 -3.338105 2.017837
v -2.038658 -1.288603 1.902625
v -1.925868 -3.314987 2.142563
v -1.952550 -1.259867 2.086279
v -1.814348 -1.350903 2.195781
v -1.804240 -3.320939 2.214779
v -1.298730 -3.332945 2.987189
v -1.356798 -2.596091 3.055039
v -1.403902 -2.729327 2.944159
v -1.650728 -3.081741 2.543315
v -1.207042 -3.005075 3.099911
v -1.219582 -1.993283 3.167381
v -1.376426 -1.669005 3.100889
v -1.237948 -1.267351 3.195917
v -1.380756 -1.293699 3.100069
v -2.140926 -3.547711 1.492471
v -2.159846 -3.352761 1.535045
v -2.085828 -1.288119 1.361921
v -1.633198 -1.310225 2.674587
v -1.059398 -3.447227 3.037485
v -0.000400 -3.512711 3.049415
v -0.795736 0.557977 3.051189
v -1.334692 0.413543 3.004811
v -1.302006 -0.084961 3.134469
v -0.000400 0.274237 3.150129
v -0.000400 0.658371 3.087925
v -0.000400 -2.989821 3.149963
v -0.000400 -1.680085 3.233153
v -0.000400 -1.061265 3.228837
v -1.243196 -0.535501 3.173497
v -1.238088 -0.839651 3.187945
v -1.241026 -1.647533 3.181793
v -0.000400 -2.570173 3.198697
v -0.000400 -0.201185 3.209141
v -0.000400 -0.668243 3.224923
v -0.000400 -1.970217 3.228157
v -0.000400 -2.227325 3.212861
v -1.426454 0.216419 2.978085
v -1.355484 -1.004595 3.090989
v -1.629202 -1.028843 2.667432
v -1.791330 -1.019957 2.183565
v -1.998734 1.603105 0.722623
v -2.083052 1.778515 0.493455
v -1.909908 -0.118243 0.959105
v -2.078946 1.643813 1.320081
v -1.951226 1.624337 1.944865
v -1.799170 1.025715 2.165567
v -1.804282 1.186363 2.149971
v -1.813116 1.593069 2.104631
v -2.045691 1.643525 1.717259
v -1.580690 0.747911 2.714847
v -1.701490 1.205579 2.403169
v -1.494872 0.444597 2.880493
v -2.104286 2.756035 1.549485
v -2.122457 2.601241 1.566923
v -1.902808 3.230627 1.669329
v -2.075570 2.967085 1.503321
v -2.039950 3.234549 1.335771
v -2.055262 3.128271 1.413593
v -1.921206 3.527699 1.394755
v -1.919650 2.673287 1.838885
v -2.109838 1.996715 1.580915
v -2.122120 2.461585 1.543957
v -2.120330 2.308967 1.505101
v -2.111640 2.007223 1.310631
v -2.106746 1.898077 1.149025
v -2.115460 2.127363 1.410107
v -2.088372 1.823925 0.827077
v -2.082284 1.811285 0.713395
v -2.098004 1.839907 1.004647
v -1.746684 3.844557 1.606253
v -1.765726 3.905207 1.380109
v -2.050848 1.800905 1.709965
v -1.891684 2.266875 1.942389
v -1.700200 2.623769 2.038477
v -1.711150 1.938657 2.136685
v -1.747694 1.734187 2.163767
v -1.529592 4.014743 1.712073
v -1.554752 3.847149 1.782363
v -1.530310 4.139472 1.644135
v -1.624130 3.456155 1.877651
v -1.576728 1.234945 2.487307
v -2.062012 0.908201 2.175495
v -1.879218 0.998149 2.431709
v -2.054174 0.907079 2.448609
v -2.189902 0.847573 2.194251
v -2.123638 0.848099 2.449435
v -2.218196 0.794331 2.230273
v -2.217128 0.791405 2.335441
v -2.168571 0.795905 2.438125
v -1.855710 1.143465 2.280071
v -2.241170 0.848365 2.216923
v -2.228294 0.905109 2.197471
v -2.083438 1.001963 2.167027
v -1.902278 1.130081 2.424043
v -2.094541 0.996211 2.450507
v -2.179984 0.868867 2.442755
v -2.227124 0.846319 2.340623
v -0.000400 1.538517 2.677007
v -0.881118 1.505537 2.632447
v -1.015838 2.246653 2.144831
v -1.427120 2.072297 2.140017
v -1.010300 4.451763 1.613968
v -1.113398 3.918503 1.917752
v -1.229432 2.158951 2.153713
v -1.015982 2.246651 2.175065
v -0.426946 2.405939 2.206049
v -0.000400 2.491155 2.219203
v -0.000400 3.288105 2.095407
v -0.000400 3.741829 2.032075
v -0.000400 4.126482 1.958181
v -1.032551 4.344429 1.781965
v -0.000400 4.392295 1.875892
v -0.456059 4.663748 1.673009
v -0.000400 4.702559 1.705085
v -1.155020 3.938327 1.844239
v -0.814064 4.559542 1.647676
v -1.069210 4.334156 1.705534
v -0.660034 2.355903 2.188963
v -0.944416 4.623117 1.375333
v -1.549328 4.249896 1.362665
v -1.712664 4.135535 0.747953
v -1.636486 4.009891 0.476217
v -1.857390 3.599349 0.451401
v -1.975200 3.531697 0.735189
v -1.954000 3.605803 1.260915
v -1.987806 3.497217 0.909343
v -2.002276 3.432877 1.077923
v -2.014304 3.365729 1.203415
v -1.715642 4.098493 1.221613
v -1.713516 4.124937 0.883469
v -1.572734 4.306438 0.749605
v -1.570800 4.324653 1.223027
v -1.532258 4.215375 0.489619
v -1.162740 4.497539 0.460615
v -1.267040 4.598251 0.910953
v -1.597848 4.331237 0.911255
v -1.267686 4.616543 1.203401
v -0.772466 4.865473 1.223513
v -0.706628 4.876687 0.875715
v -0.703738 4.760086 0.497321
v -0.000400 4.968011 0.840721
v -0.000400 4.951867 1.215303
v -0.000400 4.802160 0.483285
v -1.457060 -3.923549 1.190263
v -1.457244 -3.781821 1.348157
v -1.457354 -3.547711 1.492471
v -1.456520 -4.071061 0.855275
v -1.456458 -2.297459 0.475723
v -1.456942 -2.313863 0.749703
v -1.457504 -2.830483 1.468349
v -1.457434 -2.622413 1.329535
v -1.457364 -2.457843 1.148493
v -1.457526 -3.202091 1.538351
v -1.457232 2.601241 1.566923
v -1.456918 2.967085 1.503321
v -1.456680 3.234549 1.335771
v -1.457218 2.308967 1.505101
v -1.457160 2.007223 1.310631
v -1.456962 1.811285 0.713395
v -1.457067 1.839907 1.004647
v -1.456968 1.778515 0.493455
v -1.456248 3.531697 0.735189
v -1.455460 3.599349 0.451401
v -1.456428 3.432877 1.077923
v -1.455964 -4.136019 0.634153
v -0.000402 2.490063 2.179663
v 2.096807 -3.923549 1.190263
v 2.032841 -3.992047 1.436462
v 2.069782 -3.978529 1.094245
v 2.124438 -3.781821 1.348157
v 2.141064 -3.687433 1.419967
v 2.112768 -3.864749 1.266777
v 1.954886 -4.429365 1.191875
v 2.015814 -4.071062 0.855275
v 1.932814 -4.136019 0.634153
v 1.901510 -4.378469 0.889739
v 1.721306 -4.395415 0.637805
v 1.961274 -4.384151 1.383709
v 1.945354 -4.278493 1.445228
v 1.709936 -4.558395 0.885813
v 1.708002 -4.705989 1.213855
v 1.633516 -4.694549 1.360847
v 1.678502 -4.577081 1.434640
v 1.932840 -4.287221 1.686705
v 1.681876 -4.565879 1.686065
v 1.282530 -4.718051 1.686173
v 1.275458 -4.728057 1.461928
v 1.276376 -4.660781 0.674557
v 1.388537 -4.781417 0.913075
v 1.360723 -4.851351 1.373739
v 1.317052 -4.666217 2.060243
v 1.125214 -4.666374 2.234373
v 1.179105 -4.497789 2.287466
v 1.705148 -4.229579 2.228105
v 1.482572 -4.468123 2.180801
v 1.406058 -4.559200 2.144323
v 1.508368 -4.299798 2.277024
v 1.635026 -4.130570 2.303777
v 1.866926 -4.275491 2.043491
v 2.079154 -2.313863 0.749703
v 1.962459 -1.184761 0.489689
v 2.005638 -1.172943 0.743881
v 2.006799 -2.297459 0.475723
v 2.159343 -2.738987 1.416501
v 2.133612 -2.143205 1.356135
v 2.163330 -2.830483 1.468349
v 2.152863 -2.622413 1.329535
v 2.147640 -2.533925 1.238693
v 2.142398 -2.457843 1.148493
v 2.166119 -3.046101 1.521147
v 2.174632 -2.946215 1.781519
v 2.166668 -3.202091 1.538351
v 2.109844 -3.388225 1.807643
v 2.012354 -3.338105 2.017837
v 2.038587 -1.288603 1.902625
v 1.925756 -3.314987 2.142563
v 1.952448 -1.259867 2.086279
v 1.814197 -1.350903 2.195781
v 1.804084 -3.320939 2.214779
v 1.298394 -3.332945 2.987189
v 1.403604 -2.729327 2.944159
v 1.356480 -2.596091 3.055039
v 1.650517 -3.081741 2.543315
v 1.206673 -3.005075 3.099911
v 1.237585 -1.267351 3.195917
v 1.240670 -1.647533 3.181793
v 1.376118 -1.669005 3.100889
v 1.219218 -1.993283 3.167381
v 1.380448 -1.293699 3.100068
v 2.140890 -3.547711 1.492471
v 2.159819 -3.352761 1.535045
v 2.085772 -1.288119 1.361921
v 1.632982 -1.310225 2.674587
v 1.058976 -3.447227 3.037485
v 0.795220 0.557977 3.051189
v 1.301670 -0.084961 3.134469
v 1.334368 0.413543 3.004811
v 1.242838 -0.535501 3.173497
v 1.237730 -0.839651 3.187945
v 1.426164 0.216419 2.978085
v 1.355165 -1.004595 3.090989
v 1.628984 -1.028843 2.667431
v 1.791170 -1.019957 2.183565
v 1.998649 1.603105 0.722623
v 2.082996 1.778515 0.493455
v 1.909790 -0.118243 0.959105
v 2.078888 1.643813 1.320081
v 1.951122 1.624337 1.944865
v 1.799012 1.025715 2.165567
v 1.812963 1.593069 2.104631
v 1.804126 1.186363 2.149971
v 2.045620 1.643525 1.717259
v 1.580455 0.747911 2.714847
v 1.701296 1.205579 2.403169
v 1.494604 0.444597 2.880493
v 2.104239 2.756035 1.549485
v 1.902686 3.230627 1.669329
v 2.122414 2.601241 1.566923
v 2.075512 2.967085 1.503321
v 2.055194 3.128271 1.413593
v 2.039878 3.234549 1.335771
v 1.921090 3.527699 1.394755
v 1.919534 2.673287 1.838885
v 2.109791 1.996715 1.580915
v 2.122076 2.461585 1.543957
v 2.120288 2.308967 1.505101
v 2.111592 2.007223 1.310631
v 2.106698 1.898077 1.149025
v 2.115417 2.127363 1.410107
v 2.088316 1.823925 0.827077
v 2.082229 1.811285 0.713395
v 2.097952 1.839907 1.004647
v 1.746508 3.844557 1.606253
v 1.765556 3.905207 1.380109
v 2.050780 1.800905 1.709965
v 1.891558 2.266875 1.942389
v 1.700006 2.623769 2.038477
v 1.710960 1.938657 2.136685
v 1.747516 1.734187 2.163767
v 1.529338 4.014743 1.712073
v 1.554506 3.847149 1.782363
v 1.530056 4.139473 1.644135
v 1.623908 3.456155 1.877651
v 1.576489 1.234945 2.487307
v 2.061948 0.908201 2.175495
v 1.879088 0.998149 2.431709
v 2.054106 0.907079 2.448609
v 2.189884 0.847573 2.194251
v 2.123596 0.848099 2.449435
v 2.218188 0.794331 2.230273
v 2.217120 0.791405 2.335441
v 2.168544 0.795905 2.438125
v 1.855575 1.143465 2.280071
v 2.241170 0.848365 2.216923
v 2.228291 0.905109 2.197471
v 2.083382 1.001963 2.167027
v 1.902156 1.130081 2.424043
v 2.094486 0.996211 2.450507
v 2.179962 0.868867 2.442755
v 2.227118 0.846319 2.340623
v 0.881888 1.510019 2.630543
v 1.426828 2.072297 2.140017
v 1.015400 2.246653 2.144831
v 1.009860 4.451763 1.613968
v 1.112994 3.918503 1.917752
v 1.015544 2.246651 2.175065
v 1.229071 2.158951 2.153713
v 0.426298 2.405939 2.206049
v 1.032104 4.344429 1.781965
v 0.455450 4.663748 1.673008
v 1.154633 3.938327 1.844239
v 0.813584 4.559541 1.647676
v 1.068790 4.334156 1.705534
v 0.659468 2.355903 2.188963
v 1.549080 4.249895 1.362665
v 0.943954 4.623116 1.375333
v 1.712474 4.135535 0.747953
v 1.857252 3.599349 0.451401
v 1.636271 4.009891 0.476217
v 1.975106 3.531697 0.735189
v 1.953897 3.605803 1.260915
v 1.987716 3.497217 0.909343
v 2.002192 3.432877 1.077923
v 2.014222 3.365729 1.203415
v 1.715454 4.098493 1.221613
v 1.713328 4.124937 0.883469
v 1.572495 4.306438 0.749605
v 1.570560 4.324653 1.223027
v 1.532004 4.215375 0.489619
v 1.162354 4.497539 0.460615
v 1.266692 4.598251 0.910953
v 1.597618 4.331237 0.911255
v 1.267338 4.616543 1.203401
v 0.771942 4.865473 1.223513
v 0.706080 4.876687 0.875715
v 0.703188 4.760086 0.497321
v 1.456779 -3.923549 1.190263
v 1.456964 -3.781821 1.348157
v 1.457074 -3.547712 1.492471
v 1.456238 -4.071061 0.855275
v 1.456662 -2.313863 0.749703
v 1.456178 -2.297459 0.475723
v 1.457224 -2.830483 1.468349
v 1.457154 -2.622413 1.329535
v 1.457084 -2.457843 1.148493
v 1.457246 -3.202091 1.538351
v 1.456952 2.601241 1.566923
v 1.456638 2.967085 1.503321
v 1.456400 3.234549 1.335771
v 1.456936 2.308967 1.505101
v 1.456878 2.007223 1.310631
v 1.456682 1.811285 0.713395
v 1.456788 1.839907 1.004647
v 1.456688 1.778515 0.493455
v 1.455966 3.531697 0.735189
v 1.455178 3.599349 0.451401
v 1.456148 3.432877 1.077923
v 1.455684 -4.136019 0.634153
v 1.456254 -1.690244 0.478365
v -2.071796 -3.897041 0.715301
v -2.071796 -3.863328 0.941737
v -2.130046 -3.863853 0.715695
v -2.130046 -3.831709 0.931767
v -1.673760 -3.863328 0.941737
v -1.673759 -3.897041 0.715301
v -2.145266 -3.727937 0.716875
v -2.145267 -3.701961 0.890967
v -2.102234 -3.641483 0.717793
v -2.102234 -3.619573 0.865121
v -2.071796 -3.589923 0.126121
v -2.071796 -3.753257 0.286569
v -2.130046 -3.570639 0.153277
v -2.130046 -3.726625 0.306379
v -2.130046 -3.827643 0.500147
v -2.071796 -3.859128 0.489521
v -1.673760 -3.753257 0.286569
v -1.673760 -3.589923 0.126121
v -1.673760 -3.859128 0.489521
v -2.145266 -3.698814 0.543309
v -2.145266 -3.617343 0.387191
v -2.145266 -3.491791 0.264003
v -2.102234 -3.616819 0.570859
v -2.102234 -3.547943 0.438751
v -2.102234 -3.441547 0.334321
v -2.071796 -3.384873 0.024185
v -2.130046 -3.374901 0.055801
v -1.673759 -3.384873 0.024185
v -2.145266 -3.334101 0.185551
v -2.102234 -3.308257 0.267939
v -2.071796 -2.729703 0.134253
v -2.071796 -2.932655 0.028383
v -2.130046 -2.749511 0.161017
v -2.130046 -2.943283 0.059867
v -2.130046 -3.158829 0.023661
v -2.071796 -3.158437 -0.009531
v -1.673759 -2.932655 0.028383
v -1.673760 -2.729703 0.134253
v -1.673764 -3.158437 -0.009531
v -2.145267 -3.160009 0.159575
v -2.145266 -2.986445 0.188831
v -2.145267 -2.830325 0.270169
v -2.102234 -3.160797 0.246031
v -2.102234 -3.013863 0.270693
v -2.102234 -2.881885 0.339569
v -2.071796 -3.397991 1.415993
v -2.071796 -3.172211 1.453909
v -2.130046 -3.387363 1.384507
v -2.130046 -3.171817 1.420717
v -1.673764 -3.172211 1.453909
v -1.673760 -3.397991 1.415993
v -2.145267 -3.344203 1.255679
v -2.145267 -3.170635 1.284801
v -2.102234 -3.316785 1.173685
v -2.102234 -3.169849 1.198347
v -2.071796 -3.761389 1.146789
v -2.130046 -3.734233 1.127505
v -2.130046 -3.581133 1.283491
v -2.071796 -3.600945 1.310123
v -1.673760 -3.761389 1.146789
v -1.673759 -3.600945 1.310123
v -2.145266 -3.500319 1.174209
v -2.145267 -3.623639 1.048659
v -2.102234 -3.448763 1.104807
v -2.102234 -3.553191 0.998413
v -2.071796 -2.577387 1.157809
v -2.071796 -2.471517 0.954857
v -2.130046 -2.604151 1.138131
v -2.130046 -2.503003 0.944231
v -1.673764 -2.577387 1.157809
v -2.145266 -2.713303 1.057185
v -2.145267 -2.631965 0.901069
v -2.102234 -2.782703 1.005627
v -2.102234 -2.713829 0.873649
v -2.071796 -2.945775 1.420193
v -2.130046 -2.955745 1.388575
v -2.130046 -2.760007 1.291099
v -2.071796 -2.740853 1.318255
v -1.673764 -2.945775 1.420193
v -1.673764 -2.740853 1.318255
v -2.145267 -2.838985 1.180507
v -2.145267 -2.996547 1.258827
v -2.102234 -2.889099 1.110057
v -2.102234 -3.022389 1.176437
v -2.071796 -2.569255 0.297719
v -2.130046 -2.596411 0.317005
v -1.673760 -2.569255 0.297719
v -2.145267 -2.707137 0.395849
v -2.102234 -2.777457 0.445965
v -2.071796 -2.433605 0.729077
v -2.130046 -2.466795 0.728813
v -2.130046 -2.498937 0.512611
v -2.071796 -2.467321 0.502641
v -1.673759 -2.467321 0.502641
v -1.673764 -2.433605 0.729077
v -2.145266 -2.628685 0.553411
v -2.145266 -2.602709 0.727501
v -2.102234 -2.711073 0.579255
v -2.102234 -2.689165 0.726715
v -2.073634 -3.169325 1.155055
v -2.073634 -3.303008 1.132619
v -1.673764 -2.471517 0.954857
v -2.073634 -3.423047 1.070043
v -2.073634 -3.517899 0.973353
v -2.073634 -2.732457 0.726321
v -2.073634 -2.754891 0.859875
v -2.073634 -3.513178 0.464463
v -2.073634 -3.416489 0.369611
v -2.073634 -2.752397 0.592243
v -2.073634 -2.812747 0.471021
v -2.073634 -3.575755 0.584635
v -2.073634 -2.914157 1.074765
v -2.073634 -3.035377 1.135113
v -2.073634 -3.161321 0.289321
v -2.073634 -3.027637 0.311757
v -2.073634 -3.578247 0.852133
v -2.073634 -3.598189 0.718189
v -2.073634 -2.817469 0.979913
v -2.073634 -2.907597 0.374335
v -2.073634 -3.295268 0.309263
v -2.109715 -2.855777 0.826027
v -2.109715 -2.901431 0.917729
v -2.109844 -2.976605 0.987129
v -2.109714 -3.067259 1.034095
v -2.109715 -3.168407 1.050101
v -2.109582 -3.269949 1.033965
v -2.109715 -3.360337 0.985425
v -2.109715 -3.431577 0.911825
v -2.109715 -3.477885 0.820517
v -2.109715 -3.492843 0.719105
v -2.109714 -3.476181 0.617957
v -2.109715 -3.428691 0.527041
v -2.109715 -3.355747 0.454887
v -2.109844 -3.263127 0.411069
v -2.109714 -3.162241 0.394013
v -2.109714 -3.060961 0.411201
v -2.109714 -2.970831 0.459609
v -2.109715 -2.899333 0.532683
v -2.109582 -2.851973 0.623599
v -2.109714 -2.837017 0.725273
v -2.075603 -2.884113 0.816449
v -2.075472 -2.925571 0.899755
v -2.075472 -2.992873 0.964169
v -2.075603 -3.076309 1.005103
v -2.075472 -3.168145 1.019927
v -2.075603 -3.259715 1.003527
v -2.075472 -3.343283 0.962335
v -2.075472 -3.407699 0.894771
v -2.075602 -3.448235 0.811071
v -2.075472 -3.462931 0.719369
v -2.075602 -3.446793 0.627797
v -2.075472 -3.404551 0.544883
v -2.075472 -3.337643 0.480075
v -2.075472 -3.254467 0.438619
v -2.075472 -3.162503 0.423793
v -2.075472 -3.070801 0.440455
v -2.075472 -2.988543 0.483485
v -2.075472 -2.923209 0.549739
v -2.075472 -2.881753 0.632913
v -2.075602 -2.868765 0.724879
v -2.075472 -3.165259 0.722123
v -2.071796 1.964739 0.715301
v -2.071796 1.998453 0.941737
v -2.130046 1.997927 0.715695
v -2.130046 2.030071 0.931767
v -1.673759 1.998453 0.941737
v -1.673760 1.964739 0.715301
v -2.145266 2.133843 0.716875
v -2.145267 2.159819 0.890967
v -2.102234 2.220297 0.717793
v -2.102234 2.242207 0.865121
v -2.071796 2.271857 0.126121
v -2.071796 2.108523 0.286569
v -2.130046 2.291141 0.153277
v -2.130046 2.135155 0.306379
v -2.130046 2.034137 0.500147
v -2.071796 2.002653 0.489521
v -1.673760 2.108523 0.286569
v -1.673760 2.271857 0.126121
v -1.673759 2.002653 0.489521
v -2.145266 2.162967 0.543309
v -2.145266 2.244437 0.387191
v -2.145266 2.369989 0.264003
v -2.102234 2.244961 0.570859
v -2.102234 2.313837 0.438751
v -2.102234 2.420233 0.334321
v -2.071796 2.476907 0.024185
v -2.130046 2.486879 0.055801
v -1.673759 2.476907 0.024185
v -2.145266 2.527679 0.185551
v -2.102234 2.553523 0.267939
v -2.071796 3.132077 0.134253
v -2.071796 2.929123 0.028383
v -2.130046 3.112269 0.161017
v -2.130046 2.918497 0.059867
v -2.130046 2.702951 0.023661
v -2.071796 2.703343 -0.009531
v -1.673760 2.929123 0.028383
v -1.673760 3.132077 0.134253
v -1.673764 2.703343 -0.009531
v -2.145267 2.701771 0.159575
v -2.145266 2.875335 0.188831
v -2.145267 3.031455 0.270169
v -2.102234 2.700983 0.246031
v -2.102234 2.847917 0.270693
v -2.102234 2.979895 0.339569
v -2.071796 2.463789 1.415993
v -2.071796 2.689569 1.453909
v -2.130046 2.474417 1.384507
v -2.130046 2.689963 1.420717
v -1.673764 2.689569 1.453909
v -1.673760 2.463789 1.415993
v -2.145267 2.517577 1.255679
v -2.145267 2.691145 1.284801
v -2.102234 2.544995 1.173685
v -2.102234 2.691931 1.198347
v -2.071796 2.100391 1.146789
v -2.130046 2.127547 1.127505
v -2.130046 2.280647 1.283491
v -2.071796 2.260835 1.310123
v -1.673759 2.100391 1.146789
v -1.673759 2.260835 1.310123
v -2.145266 2.361461 1.174209
v -2.145267 2.238141 1.048659
v -2.102234 2.413017 1.104807
v -2.102234 2.308589 0.998413
v -2.071796 3.284391 1.157809
v -2.071796 3.390263 0.954857
v -2.130046 3.257629 1.138131
v -2.130046 3.358777 0.944231
v -1.673764 3.284391 1.157809
v -2.145266 3.148477 1.057185
v -2.145267 3.229815 0.901069
v -2.102234 3.079077 1.005627
v -2.102234 3.147951 0.873649
v -2.071796 2.916005 1.420193
v -2.130046 2.906035 1.388575
v -2.130046 3.101773 1.291099
v -2.071796 3.120927 1.318255
v -1.673764 2.916005 1.420193
v -1.673764 3.120927 1.318255
v -2.145267 3.022795 1.180507
v -2.145267 2.865233 1.258827
v -2.102234 2.972679 1.110057
v -2.102234 2.839391 1.176437
v -2.071796 3.292525 0.297719
v -2.130046 3.265369 0.317005
v -1.673760 3.292525 0.297719
v -2.145267 3.154643 0.395849
v -2.102234 3.084323 0.445965
v -2.071796 3.428175 0.729077
v -2.130046 3.394985 0.728813
v -2.130046 3.362843 0.512611
v -2.071796 3.394459 0.502641
v -1.673760 3.394459 0.502641
v -1.673764 3.428175 0.729077
v -2.145266 3.233095 0.553411
v -2.145266 3.259071 0.727501
v -2.102234 3.150707 0.579255
v -2.102234 3.172615 0.726715
v -2.073634 2.692455 1.155055
v -2.073634 2.558773 1.132619
v -1.673764 3.390263 0.954857
v -2.073634 2.438733 1.070043
v -2.073634 2.343881 0.973353
v -2.073634 3.129323 0.726321
v -2.073634 3.106889 0.859875
v -2.073634 2.348603 0.464463
v -2.073634 2.445291 0.369611
v -2.073634 3.109383 0.592243
v -2.073634 3.049033 0.471021
v -2.073634 2.286025 0.584635
v -2.073634 2.947623 1.074765
v -2.073634 2.826403 1.135113
v -2.073634 2.700459 0.289321
v -2.073634 2.834143 0.311757
v -2.073634 2.283533 0.852133
v -2.073634 2.263591 0.718189
v -2.073634 3.044311 0.979913
v -2.073634 2.954183 0.374335
v -2.073634 2.566513 0.309263
v -2.109715 3.006003 0.826027
v -2.109715 2.960349 0.917729
v -2.109844 2.885175 0.987129
v -2.109714 2.794521 1.034095
v -2.109715 2.693373 1.050101
v -2.109582 2.591831 1.033965
v -2.109715 2.501443 0.985425
v -2.109715 2.430203 0.911825
v -2.109715 2.383895 0.820517
v -2.109715 2.368937 0.719105
v -2.109714 2.385599 0.617957
v -2.109715 2.433089 0.527041
v -2.109715 2.506033 0.454887
v -2.109844 2.598653 0.411069
v -2.109714 2.699539 0.394013
v -2.109714 2.800819 0.411201
v -2.109714 2.890949 0.459609
v -2.109715 2.962447 0.532683
v -2.109582 3.009807 0.623599
v -2.109714 3.024763 0.725273
v -2.075603 2.977667 0.816449
v -2.075472 2.936209 0.899755
v -2.075472 2.868907 0.964169
v -2.075603 2.785471 1.005103
v -2.075472 2.693635 1.019927
v -2.075603 2.602063 1.003527
v -2.075472 2.518497 0.962335
v -2.075472 2.454079 0.894771
v -2.075602 2.413545 0.811071
v -2.075472 2.398849 0.719369
v -2.075602 2.414987 0.627797
v -2.075472 2.457229 0.544883
v -2.075472 2.524137 0.480075
v -2.075472 2.607313 0.438619
v -2.075472 2.699277 0.423793
v -2.075472 2.790979 0.440455
v -2.075472 2.873237 0.483485
v -2.075472 2.938571 0.549739
v -2.075472 2.980027 0.632913
v -2.075602 2.993015 0.724879
v -2.075472 2.696521 0.722123
v 2.070996 -3.897041 0.715301
v 2.129246 -3.863853 0.715695
v 2.070996 -3.863327 0.941737
v 2.129246 -3.831709 0.931767
v 1.672960 -3.863327 0.941737
v 1.672960 -3.897041 0.715301
v 2.144466 -3.727937 0.716875
v 2.144466 -3.701961 0.890967
v 2.101434 -3.641483 0.717793
v 2.101435 -3.619573 0.865121
v 2.070996 -3.589923 0.126121
v 2.129246 -3.570639 0.153277
v 2.070996 -3.753258 0.286569
v 2.129246 -3.726625 0.306379
v 2.129246 -3.827643 0.500147
v 2.070996 -3.859127 0.489521
v 1.672959 -3.753258 0.286569
v 1.672959 -3.589923 0.126121
v 1.672960 -3.859128 0.489521
v 2.144466 -3.698813 0.543309
v 2.144466 -3.617343 0.387191
v 2.144466 -3.491791 0.264003
v 2.101434 -3.616819 0.570859
v 2.101434 -3.547943 0.438751
v 2.101434 -3.441547 0.334321
v 2.070996 -3.384873 0.024185
v 2.129247 -3.374901 0.055801
v 1.672959 -3.384873 0.024185
v 2.144466 -3.334101 0.185551
v 2.101435 -3.308257 0.267939
v 2.070996 -2.729703 0.134253
v 2.129246 -2.749511 0.161017
v 2.070996 -2.932655 0.028383
v 2.129247 -2.943283 0.059867
v 2.129247 -3.158829 0.023661
v 2.070996 -3.158437 -0.009531
v 1.672960 -2.932655 0.028383
v 1.672959 -2.729703 0.134253
v 1.672964 -3.158437 -0.009531
v 2.144466 -3.160009 0.159575
v 2.144466 -2.986445 0.188831
v 2.144466 -2.830325 0.270169
v 2.101435 -3.160797 0.246031
v 2.101435 -3.013863 0.270693
v 2.101435 -2.881885 0.339569
v 2.070996 -3.397991 1.415993
v 2.129246 -3.387363 1.384507
v 2.070996 -3.172211 1.453909
v 2.129246 -3.171817 1.420717
v 1.672964 -3.172211 1.453909
v 1.672960 -3.397992 1.415993
v 2.144466 -3.344203 1.255679
v 2.144466 -3.170635 1.284801
v 2.101435 -3.316785 1.173685
v 2.101435 -3.169849 1.198347
v 2.070996 -3.761389 1.146789
v 2.129246 -3.734233 1.127505
v 2.129247 -3.581133 1.283491
v 2.070996 -3.600945 1.310123
v 1.672960 -3.761389 1.146789
v 1.672960 -3.600945 1.310123
v 2.144466 -3.500319 1.174209
v 2.144466 -3.623639 1.048659
v 2.101434 -3.448763 1.104807
v 2.101435 -3.553191 0.998413
v 2.070996 -2.577387 1.157809
v 2.129247 -2.604151 1.138131
v 2.070996 -2.471517 0.954857
v 2.129246 -2.503003 0.944231
v 1.672964 -2.577387 1.157809
v 2.144466 -2.713303 1.057185
v 2.144466 -2.631965 0.901069
v 2.101435 -2.782703 1.005627
v 2.101435 -2.713829 0.873649
v 2.070996 -2.945775 1.420193
v 2.129246 -2.955745 1.388575
v 2.129246 -2.760007 1.291099
v 2.070996 -2.740853 1.318255
v 1.672964 -2.945775 1.420193
v 1.672964 -2.740853 1.318255
v 2.144466 -2.838985 1.180507
v 2.144466 -2.996547 1.258827
v 2.101434 -2.889099 1.110057
v 2.101434 -3.022389 1.176437
v 2.070996 -2.569255 0.297719
v 2.129247 -2.596411 0.317005
v 1.672959 -2.569255 0.297719
v 2.144466 -2.707137 0.395849
v 2.101435 -2.777457 0.445965
v 2.070996 -2.433605 0.729077
v 2.129247 -2.466795 0.728813
v 2.129246 -2.498937 0.512611
v 2.070996 -2.467321 0.502641
v 1.672960 -2.467321 0.502641
v 1.672964 -2.433605 0.729077
v 2.144466 -2.628685 0.553411
v 2.144466 -2.602709 0.727501
v 2.101435 -2.711073 0.579255
v 2.101435 -2.689165 0.726715
v 2.072834 -3.169325 1.155055
v 2.072834 -3.303007 1.132619
v 1.672964 -2.471517 0.954857
v 2.072834 -3.423047 1.070043
v 2.072834 -3.517899 0.973353
v 2.072834 -2.732457 0.726321
v 2.072834 -2.754891 0.859875
v 2.072834 -3.513177 0.464463
v 2.072834 -3.416489 0.369611
v 2.072834 -2.752397 0.592243
v 2.072834 -2.812747 0.471021
v 2.072834 -3.575755 0.584635
v 2.072834 -2.914157 1.074765
v 2.072834 -3.035377 1.135113
v 2.072834 -3.161321 0.289321
v 2.072834 -3.027637 0.311757
v 2.072834 -3.578247 0.852133
v 2.072834 -3.598189 0.718189
v 2.072834 -2.817469 0.979913
v 2.072834 -2.907597 0.374335
v 2.072834 -3.295267 0.309263
v 2.108914 -2.855777 0.826027
v 2.108914 -2.901431 0.917729
v 2.109044 -2.976605 0.987129
v 2.108914 -3.067259 1.034095
v 2.108913 -3.168407 1.050101
v 2.108782 -3.269949 1.033965
v 2.108913 -3.360337 0.985425
v 2.108913 -3.431577 0.911825
v 2.108913 -3.477885 0.820517
v 2.108913 -3.492843 0.719105
v 2.108914 -3.476181 0.617957
v 2.108913 -3.428691 0.527041
v 2.108914 -3.355747 0.454887
v 2.109044 -3.263127 0.411069
v 2.108914 -3.162241 0.394013
v 2.108914 -3.060961 0.411201
v 2.108914 -2.970831 0.459609
v 2.108914 -2.899333 0.532683
v 2.108782 -2.851973 0.623599
v 2.108914 -2.837017 0.725273
v 2.074802 -2.884113 0.816449
v 2.074672 -2.925571 0.899755
v 2.074673 -2.992873 0.964169
v 2.074802 -3.076309 1.005103
v 2.074673 -3.168145 1.019927
v 2.074802 -3.259715 1.003527
v 2.074673 -3.343283 0.962335
v 2.074673 -3.407699 0.894771
v 2.074802 -3.448235 0.811071
v 2.074673 -3.462931 0.719369
v 2.074802 -3.446793 0.627797
v 2.074673 -3.404551 0.544883
v 2.074673 -3.337643 0.480075
v 2.074673 -3.254467 0.438619
v 2.074673 -3.162503 0.423793
v 2.074672 -3.070801 0.440455
v 2.074673 -2.988543 0.483485
v 2.074673 -2.923209 0.549739
v 2.074673 -2.881753 0.632913
v 2.074802 -2.868765 0.724879
v 2.074673 -3.165259 0.722123
v 2.070996 1.964739 0.715301
v 2.129246 1.997927 0.715695
v 2.070996 1.998453 0.941737
v 2.129246 2.030071 0.931767
v 1.672960 1.998453 0.941737
v 1.672960 1.964739 0.715301
v 2.144466 2.133843 0.716875
v 2.144466 2.159819 0.890967
v 2.101434 2.220297 0.717793
v 2.101435 2.242207 0.865121
v 2.070996 2.271857 0.126121
v 2.129246 2.291141 0.153277
v 2.070996 2.108523 0.286569
v 2.129246 2.135155 0.306379
v 2.129246 2.034137 0.500147
v 2.070996 2.002653 0.489521
v 1.672960 2.108523 0.286569
v 1.672960 2.271857 0.126121
v 1.672960 2.002653 0.489521
v 2.144466 2.162967 0.543309
v 2.144466 2.244437 0.387191
v 2.144466 2.369989 0.264003
v 2.101434 2.244961 0.570859
v 2.101434 2.313837 0.438751
v 2.101434 2.420233 0.334321
v 2.070996 2.476907 0.024185
v 2.129247 2.486879 0.055801
v 1.672959 2.476907 0.024185
v 2.144466 2.527679 0.185551
v 2.101435 2.553523 0.267939
v 2.070996 3.132077 0.134253
v 2.129246 3.112269 0.161017
v 2.070996 2.929123 0.028383
v 2.129247 2.918497 0.059867
v 2.129247 2.702951 0.023661
v 2.070996 2.703343 -0.009531
v 1.672959 2.929123 0.028383
v 1.672960 3.132077 0.134253
v 1.672964 2.703343 -0.009531
v 2.144466 2.701771 0.159575
v 2.144466 2.875335 0.188831
v 2.144466 3.031455 0.270169
v 2.101435 2.700983 0.246031
v 2.101435 2.847917 0.270693
v 2.101435 2.979895 0.339569
v 2.070996 2.463789 1.415993
v 2.129246 2.474417 1.384507
v 2.070996 2.689569 1.453909
v 2.129246 2.689963 1.420717
v 1.672964 2.689569 1.453909
v 1.672959 2.463789 1.415993
v 2.144466 2.517577 1.255679
v 2.144466 2.691145 1.284801
v 2.101435 2.544995 1.173685
v 2.101435 2.691931 1.198347
v 2.070996 2.100391 1.146789
v 2.129246 2.127547 1.127505
v 2.129247 2.280647 1.283491
v 2.070996 2.260835 1.310123
v 1.672960 2.100391 1.146789
v 1.672959 2.260835 1.310123
v 2.144466 2.361461 1.174209
v 2.144466 2.238141 1.048659
v 2.101434 2.413017 1.104807
v 2.101435 2.308589 0.998413
v 2.070996 3.284391 1.157809
v 2.129247 3.257629 1.138131
v 2.070996 3.390263 0.954857
v 2.129246 3.358777 0.944231
v 1.672964 3.284391 1.157809
v 2.144466 3.148477 1.057185
v 2.144466 3.229815 0.901069
v 2.101435 3.079077 1.005627
v 2.101435 3.147951 0.873649
v 2.070996 2.916005 1.420193
v 2.129246 2.906035 1.388575
v 2.129246 3.101773 1.291099
v 2.070996 3.120927 1.318255
v 1.672964 2.916005 1.420193
v 1.672964 3.120927 1.318255
v 2.144466 3.022795 1.180507
v 2.144466 2.865233 1.258827
v 2.101434 2.972679 1.110057
v 2.101434 2.839391 1.176437
v 2.070996 3.292524 0.297719
v 2.129247 3.265369 0.317005
v 1.672960 3.292525 0.297719
v 2.144466 3.154643 0.395849
v 2.101435 3.084323 0.445965
v 2.070996 3.428175 0.729077
v 2.129247 3.394985 0.728813
v 2.129246 3.362843 0.512611
v 2.070996 3.394459 0.502641
v 1.672959 3.394459 0.502641
v 1.672964 3.428175 0.729077
v 2.144466 3.233095 0.553411
v 2.144466 3.259071 0.727501
v 2.101435 3.150707 0.579255
v 2.101435 3.172615 0.726715
v 2.072834 2.692455 1.155055
v 2.072834 2.558773 1.132619
v 1.672964 3.390263 0.954857
v 2.072834 2.438733 1.070043
v 2.072834 2.343881 0.973353
v 2.072834 3.129323 0.726321
v 2.072834 3.106889 0.859875
v 2.072834 2.348603 0.464463
v 2.072834 2.445291 0.369611
v 2.072834 3.109383 0.592243
v 2.072834 3.049033 0.471021
v 2.072834 2.286025 0.584635
v 2.072834 2.947623 1.074765
v 2.072834 2.826403 1.135113
v 2.072834 2.700459 0.289321
v 2.072834 2.834143 0.311757
v 2.072834 2.283533 0.852133
v 2.072834 2.263591 0.718189
v 2.072834 3.044311 0.979913
v 2.072834 2.954183 0.374335
v 2.072834 2.566513 0.309263
v 2.108914 3.006003 0.826027
v 2.108914 2.960349 0.917729
v 2.109044 2.885175 0.987129
v 2.108914 2.794521 1.034095
v 2.108913 2.693373 1.050101
v 2.108782 2.591831 1.033965
v 2.108913 2.501443 0.985425
v 2.108913 2.430203 0.911825
v 2.108913 2.383895 0.820517
v 2.108913 2.368937 0.719105
v 2.108914 2.385599 0.617957
v 2.108913 2.433089 0.527041
v 2.108914 2.506033 0.454887
v 2.109044 2.598653 0.411069
v 2.108914 2.699539 0.394013
v 2.108914 2.800819 0.411201
v 2.108914 2.890949 0.459609
v 2.108914 2.962447 0.532683
v 2.108782 3.009807 0.623599
v 2.108914 3.024763 0.725273
v 2.074802 2.977667 0.816449
v 2.074672 2.936209 0.899755
v 2.074673 2.868907 0.964169
v 2.074802 2.785471 1.005103
v 2.074673 2.693635 1.019927
v 2.074802 2.602063 1.003527
v 2.074673 2.518497 0.962335
v 2.074673 2.454079 0.894771
v 2.074802 2.413545 0.811071
v 2.074672 2.398849 0.719369
v 2.074802 2.414987 0.627797
v 2.074673 2.457229 0.544883
v 2.074673 2.524137 0.480075
v 2.074673 2.607313 0.438619
v 2.074673 2.699277 0.423793
v 2.074672 2.790979 0.440455
v 2.074672 2.873237 0.483485
v 2.074673 2.938571 0.549739
v 2.074673 2.980027 0.632913
v 2.074802 2.993015 0.724879
v 2.074673 2.696521 0.722123
vt 0.106894 0.188353
vt 0.100990 0.181619
vt 0.132216 0.187973
vt 0.119088 0.211594
vt 0.115784 0.202671
vt 0.111380 0.194594
vt 0.117828 0.147817
vt 0.084671 0.168956
vt 0.068847 0.157818
vt 0.093405 0.144351
vt 0.187794 0.012830
vt 0.205783 0.013161
vt 0.190433 0.034579
vt 0.131718 0.154938
vt 0.139691 0.164896
vt 0.185864 0.060279
vt 0.206726 0.034263
vt 0.206860 0.062172
vt 0.213181 0.074686
vt 0.185303 0.076600
vt 0.209342 0.085999
vt 0.186646 0.086875
vt 0.187693 0.102382
vt 0.209037 0.102351
vt 0.243002 0.102397
vt 0.243619 0.088359
vt 0.243620 0.016330
vt 0.234058 0.036612
vt 0.236381 0.075808
vt 0.352184 0.014925
vt 0.352159 0.036656
vt 0.352117 0.072286
vt 0.352100 0.086818
vt 0.352073 0.110176
vt 0.352051 0.128774
vt 0.240030 0.134220
vt 0.255303 0.145317
vt 0.352020 0.148969
vt 0.352030 0.142686
vt 0.255839 0.156570
vt 0.205173 0.163919
vt 0.225942 0.144461
vt 0.232452 0.141365
vt 0.228623 0.174007
vt 0.210518 0.188309
vt 0.193265 0.132743
vt 0.048037 0.324142
vt 0.040659 0.416541
vt 0.020321 0.414725
vt 0.025547 0.324436
vt 0.104226 0.291398
vt 0.108934 0.284076
vt 0.095703 0.339913
vt 0.096539 0.300687
vt 0.088690 0.307690
vt 0.080944 0.313672
vt 0.115694 0.266051
vt 0.119315 0.253058
vt 0.134572 0.276710
vt 0.143448 0.241051
vt 0.160522 0.247541
vt 0.133781 0.411586
vt 0.171961 0.250875
vt 0.149476 0.414982
vt 0.163867 0.408799
vt 0.182901 0.251698
vt 0.154233 0.167377
vt 0.183314 0.173639
vt 0.252252 0.262290
vt 0.247545 0.318428
vt 0.239563 0.307145
vt 0.207591 0.275045
vt 0.260684 0.287912
vt 0.258724 0.365228
vt 0.245291 0.369156
vt 0.256141 0.430344
vt 0.241326 0.418043
vt 0.122172 0.223809
vt 0.121621 0.240417
vt 0.091535 0.409367
vt 0.203879 0.414586
vt 0.270908 0.253838
vt 0.351902 0.245755
vt 0.286542 0.565514
vt 0.241965 0.554131
vt 0.247367 0.512482
vt 0.351550 0.544789
vt 0.351516 0.573180
vt 0.351852 0.288280
vt 0.351729 0.391424
vt 0.351673 0.439066
vt 0.253102 0.477284
vt 0.254282 0.453686
vt 0.256553 0.391621
vt 0.351813 0.321352
vt 0.351594 0.506560
vt 0.351637 0.469721
vt 0.351757 0.368520
vt 0.351781 0.348257
vt 0.231354 0.535430
vt 0.242547 0.440452
vt 0.203154 0.436395
vt 0.163424 0.435154
vt 0.034323 0.637430
vt 0.014958 0.651530
vt 0.056393 0.501412
vt 0.083157 0.643623
vt 0.134541 0.644040
vt 0.157382 0.597395
vt 0.154895 0.610650
vt 0.151866 0.642244
vt 0.114857 0.644923
vt 0.205579 0.575832
vt 0.179356 0.611770
vt 0.221588 0.552852
vt 0.098918 0.732811
vt 0.099487 0.720415
vt 0.115068 0.771439
vt 0.096877 0.749940
vt 0.086569 0.772909
vt 0.091440 0.763601
vt 0.095573 0.796714
vt 0.126157 0.726780
vt 0.102319 0.672713
vt 0.098059 0.709320
vt 0.095416 0.697146
vt 0.080820 0.672568
vt 0.068296 0.663317
vt 0.088392 0.682463
vt 0.042148 0.656400
vt 0.032865 0.655024
vt 0.056680 0.658253
vt 0.117286 0.821755
vt 0.100048 0.828776
vt 0.113848 0.657406
vt 0.135201 0.694890
vt 0.149778 0.724429
vt 0.157850 0.670324
vt 0.158113 0.653804
vt 0.134483 0.837539
vt 0.137806 0.823419
vt 0.128286 0.848610
vt 0.141190 0.791257
vt 0.190993 0.615529
vt 0.169986 0.694714
vt 0.169169 0.673098
vt 0.191114 0.678833
vt 0.192324 0.694121
vt 0.171528 0.705232
vt 0.192523 0.704741
vt 0.174491 0.707559
vt 0.183082 0.707491
vt 0.191476 0.707655
vt 0.532121 0.146367
vt 0.534129 0.164786
vt 0.519381 0.147495
vt 0.562371 0.125336
vt 0.567729 0.126705
vt 0.562991 0.127988
vt 0.558973 0.125833
vt 0.545951 0.130322
vt 0.521934 0.140643
vt 0.521943 0.128032
vt 0.546047 0.122346
vt 0.557829 0.119287
vt 0.164201 0.608812
vt 0.541720 0.156424
vt 0.557789 0.150771
vt 0.568750 0.144943
vt 0.565333 0.136176
vt 0.571022 0.135134
vt 0.573640 0.143578
vt 0.570214 0.145575
vt 0.200192 0.693222
vt 0.201437 0.673996
vt 0.351428 0.647414
vt 0.282457 0.646371
vt 0.224522 0.632753
vt 0.270709 0.715738
vt 0.237663 0.703841
vt 0.210392 0.679322
vt 0.214545 0.695253
vt 0.496548 0.876332
vt 0.495533 0.866687
vt 0.451270 0.886879
vt 0.497959 0.841750
vt 0.460318 0.832706
vt 0.448048 0.716143
vt 0.432744 0.720630
vt 0.398649 0.729571
vt 0.353519 0.739455
vt 0.353427 0.791096
vt 0.353363 0.826897
vt 0.353301 0.862057
vt 0.452799 0.874942
vt 0.353273 0.877616
vt 0.402325 0.889875
vt 0.353248 0.891246
vt 0.464626 0.835767
vt 0.461689 0.711517
vt 0.440442 0.887802
vt 0.459800 0.874746
vt 0.489842 0.739323
vt 0.480448 0.703730
vt 0.498164 0.795181
vt 0.409596 0.727496
vt 0.444466 0.916454
vt 0.497243 0.903062
vt 0.105330 0.860626
vt 0.053887 0.855521
vt 0.029719 0.854131
vt 0.021746 0.817804
vt 0.043182 0.804765
vt 0.085179 0.803483
vt 0.056318 0.799466
vt 0.068716 0.791968
vt 0.077850 0.785018
vt 0.090075 0.846314
vt 0.064243 0.853028
vt 0.056477 0.872761
vt 0.094297 0.867055
vt 0.494977 0.951278
vt 0.488755 0.964664
vt 0.494868 0.956375
vt 0.460012 0.979789
vt 0.472113 0.952964
vt 0.498906 0.917082
vt 0.498722 0.940893
vt 0.069654 0.871127
vt 0.474142 0.931044
vt 0.427419 0.940567
vt 0.403498 0.969083
vt 0.403382 0.996825
vt 0.353102 0.968611
vt 0.353155 0.943781
vt 0.353079 0.993918
vt 0.560321 0.945844
vt 0.561934 0.937015
vt 0.511603 0.939979
vt 0.510627 0.923288
vt 0.563864 0.910748
vt 0.509327 0.901655
vt 0.562741 0.929350
vt 0.563114 0.920155
vt 0.557236 0.966248
vt 0.513228 0.968777
vt 0.551750 0.984755
vt 0.549901 0.769048
vt 0.499519 0.750670
vt 0.500969 0.772250
vt 0.505730 0.844495
vt 0.560389 0.832663
vt 0.504447 0.824827
vt 0.558074 0.811314
vt 0.503184 0.805588
vt 0.507638 0.874232
vt 0.562583 0.858356
vt 0.563094 0.898367
vt 0.563622 0.882581
vt 0.652872 0.070921
vt 0.665469 0.020010
vt 0.682133 0.071143
vt 0.707003 0.071347
vt 0.697003 0.024096
vt 0.629332 0.070779
vt 0.642050 0.018457
vt 0.601043 0.070652
vt 0.613487 0.018813
vt 0.550500 0.070624
vt 0.559511 0.020867
vt 0.573562 0.070615
vt 0.585827 0.019419
vt 0.532975 0.021288
vt 0.532977 0.070624
vt 0.760741 0.072085
vt 0.784249 0.040857
vt 0.783726 0.072526
vt 0.732636 0.071640
vt 0.747444 0.029971
vt 0.707373 0.025386
vt 0.722041 0.027525
vt 0.048006 0.173837
vt 0.040440 0.303950
vt 0.066673 0.180203
vt 0.066462 0.300126
vt 0.029384 0.669443
vt 0.010524 0.798160
vt 0.013551 0.667084
vt 0.030953 0.793290
vt 0.050350 0.671504
vt 0.055625 0.786177
vt 0.023881 0.304228
vt 0.563409 0.870695
vt 0.561238 0.840913
vt 0.559135 0.821259
vt 0.557054 0.802062
vt 0.542801 0.747838
vt 0.514226 0.986910
vt 0.091551 0.197792
vt 0.080106 0.293322
vt 0.094573 0.279859
vt 0.100950 0.212648
vt 0.104350 0.256792
vt 0.106595 0.229712
vt 0.550498 0.021347
vt 0.573561 0.020108
vt 0.601195 0.019078
vt 0.629640 0.018525
vt 0.653203 0.018501
vt 0.682477 0.022393
vt 0.733242 0.028631
vt 0.761416 0.031196
vt 0.072378 0.683548
vt 0.074623 0.768853
vt 0.085559 0.692316
vt 0.085363 0.749228
vt 0.089238 0.726805
vt 0.424154 0.719815
vt 0.353367 0.733919
vt 0.694548 0.322563
vt 0.723703 0.322561
vt 0.700172 0.460550
vt 0.723744 0.512362
vt 0.698112 0.512364
vt 0.711411 0.610056
vt 0.701564 0.597978
vt 0.723774 0.597976
vt 0.732123 0.622412
vt 0.791536 0.622990
vt 0.723765 0.237772
vt 0.705049 0.237773
vt 0.715334 0.218655
vt 0.720186 0.209086
vt 0.737392 0.195945
vt 0.758765 0.183718
vt 0.791517 0.181756
vt 0.597096 0.188930
vt 0.571774 0.188490
vt 0.603016 0.182210
vt 0.588173 0.203227
vt 0.584848 0.212142
vt 0.592595 0.195160
vt 0.586257 0.148368
vt 0.619365 0.169584
vt 0.635214 0.158482
vt 0.610688 0.144958
vt 0.516579 0.013214
vt 0.513890 0.034956
vt 0.498590 0.013503
vt 0.572350 0.155456
vt 0.564354 0.165395
vt 0.518398 0.060667
vt 0.497597 0.034602
vt 0.497398 0.062512
vt 0.491047 0.075010
vt 0.518921 0.076989
vt 0.494860 0.086332
vt 0.517554 0.087261
vt 0.516471 0.102765
vt 0.495127 0.102685
vt 0.461162 0.102652
vt 0.460578 0.088612
vt 0.460745 0.016583
vt 0.470259 0.036888
vt 0.467845 0.076078
vt 0.464059 0.134481
vt 0.448763 0.145542
vt 0.448203 0.156793
vt 0.498858 0.164262
vt 0.478124 0.144756
vt 0.471621 0.141644
vt 0.475387 0.174294
vt 0.493464 0.188639
vt 0.510828 0.133114
vt 0.655634 0.324862
vt 0.683132 0.415511
vt 0.662790 0.417277
vt 0.678123 0.325211
vt 0.599522 0.291982
vt 0.607929 0.340517
vt 0.594831 0.284648
vt 0.607187 0.301289
vt 0.615019 0.308311
vt 0.622751 0.314312
vt 0.588114 0.266607
vt 0.569210 0.277221
vt 0.584523 0.253605
vt 0.560418 0.241541
vt 0.543327 0.247990
vt 0.569679 0.412096
vt 0.531879 0.251297
vt 0.553975 0.415455
vt 0.539594 0.409239
vt 0.520933 0.252093
vt 0.549805 0.167841
vt 0.520709 0.174035
vt 0.451548 0.262522
vt 0.464133 0.307407
vt 0.456124 0.318671
vt 0.496185 0.275382
vt 0.443054 0.288124
vt 0.447260 0.430566
vt 0.446940 0.391842
vt 0.458258 0.369404
vt 0.444831 0.365444
vt 0.462108 0.418299
vt 0.581735 0.224350
vt 0.582247 0.240959
vt 0.611929 0.409980
vt 0.499567 0.414931
vt 0.432905 0.254026
vt 0.416532 0.565662
vt 0.455842 0.512724
vt 0.461149 0.554384
vt 0.450189 0.477513
vt 0.449064 0.453912
vt 0.471803 0.535708
vt 0.460833 0.440706
vt 0.500240 0.436741
vt 0.539974 0.435594
vt 0.668594 0.638180
vt 0.687926 0.652327
vt 0.646851 0.502110
vt 0.619745 0.644256
vt 0.568360 0.644548
vt 0.545629 0.597849
vt 0.551037 0.642711
vt 0.548084 0.611109
vt 0.588043 0.645479
vt 0.497483 0.576170
vt 0.523619 0.612171
vt 0.481529 0.553153
vt 0.603768 0.733406
vt 0.587519 0.771995
vt 0.603230 0.721008
vt 0.605765 0.750540
vt 0.611168 0.764214
vt 0.616015 0.773535
vt 0.606951 0.797318
vt 0.576541 0.727309
vt 0.600513 0.673300
vt 0.604685 0.709916
vt 0.607357 0.697750
vt 0.622013 0.673206
vt 0.634559 0.663986
vt 0.614417 0.683083
vt 0.660724 0.657133
vt 0.670011 0.655779
vt 0.646188 0.658950
vt 0.585173 0.822306
vt 0.602394 0.829371
vt 0.589021 0.657964
vt 0.567574 0.695396
vt 0.552921 0.724900
vt 0.544982 0.670776
vt 0.544760 0.654254
vt 0.567932 0.838048
vt 0.564645 0.823921
vt 0.574102 0.849136
vt 0.561343 0.791750
vt 0.511971 0.615901
vt 0.527799 0.681319
vt 0.506668 0.665436
vt 0.528616 0.659700
vt 0.505457 0.680726
vt 0.526256 0.691839
vt 0.505259 0.691348
vt 0.523293 0.694166
vt 0.514701 0.694098
vt 0.506306 0.694262
vt 0.171827 0.146284
vt 0.184605 0.146891
vt 0.170574 0.164772
vt 0.140739 0.126504
vt 0.140229 0.129180
vt 0.135442 0.128091
vt 0.144156 0.126862
vt 0.157353 0.130816
vt 0.181248 0.127546
vt 0.181773 0.140148
vt 0.156930 0.122850
vt 0.145032 0.120275
vt 0.538783 0.609249
vt 0.162646 0.156727
vt 0.146358 0.151735
vt 0.135167 0.146358
vt 0.138224 0.137458
vt 0.132496 0.136649
vt 0.130225 0.145194
vt 0.133729 0.147049
vt 0.497588 0.679827
vt 0.496344 0.660598
vt 0.420521 0.646907
vt 0.478422 0.633047
vt 0.465108 0.704105
vt 0.432022 0.715923
vt 0.492446 0.679650
vt 0.488254 0.695571
vt 0.210004 0.875821
vt 0.255243 0.886529
vt 0.211053 0.866180
vt 0.208716 0.841233
vt 0.246388 0.832324
vt 0.274363 0.720347
vt 0.259074 0.715806
vt 0.308426 0.729410
vt 0.253757 0.874586
vt 0.304177 0.889700
vt 0.242070 0.835370
vt 0.245450 0.711131
vt 0.266067 0.887490
vt 0.246757 0.874366
vt 0.217198 0.738837
vt 0.226719 0.703277
vt 0.208677 0.794665
vt 0.297485 0.727296
vt 0.209213 0.902548
vt 0.261942 0.916128
vt 0.597029 0.861210
vt 0.648486 0.856234
vt 0.680725 0.818598
vt 0.672659 0.854907
vt 0.659321 0.805502
vt 0.617328 0.804113
vt 0.646199 0.800170
vt 0.633820 0.792639
vt 0.624704 0.785666
vt 0.612322 0.846934
vt 0.638137 0.853713
vt 0.645852 0.873470
vt 0.608047 0.867666
vt 0.211307 0.950772
vt 0.211398 0.955869
vt 0.217481 0.964180
vt 0.246169 0.979407
vt 0.234164 0.952539
vt 0.207500 0.916562
vt 0.207599 0.940373
vt 0.632680 0.871800
vt 0.232214 0.930612
vt 0.278902 0.940302
vt 0.302722 0.968842
vt 0.302780 0.996585
vt 0.783194 0.130039
vt 0.774313 0.081771
vt 0.774481 0.132197
vt 0.757591 0.081834
vt 0.735915 0.081879
vt 0.748379 0.135756
vt 0.766879 0.133480
vt 0.757724 0.134422
vt 0.803370 0.125691
vt 0.803162 0.081603
vt 0.821504 0.119065
vt 0.606061 0.130620
vt 0.606218 0.081575
vt 0.584586 0.081468
vt 0.678631 0.081839
vt 0.658918 0.081781
vt 0.670215 0.137139
vt 0.639635 0.081716
vt 0.648760 0.136153
vt 0.708434 0.081896
vt 0.696000 0.137732
vt 0.735972 0.135756
vt 0.720248 0.137264
vt 0.200088 0.842526
vt 0.198403 0.871744
vt 0.148455 0.851782
vt 0.196987 0.896580
vt 0.150479 0.883521
vt 0.148431 0.828307
vt 0.201479 0.819022
vt 0.203197 0.790781
vt 0.150647 0.799823
vt 0.206460 0.740333
vt 0.204949 0.763349
vt 0.156213 0.746085
vt 0.153054 0.772255
vt 0.158362 0.719628
vt 0.207603 0.722844
vt 0.194222 0.950261
vt 0.193165 0.973230
vt 0.161524 0.971688
vt 0.153057 0.934246
vt 0.195610 0.922181
vt 0.151091 0.893954
vt 0.152270 0.908733
vt 0.687496 0.793418
vt 0.667808 0.792239
vt 0.660222 0.665971
vt 0.636151 0.676570
vt 0.651043 0.184652
vt 0.666875 0.182293
vt 0.669903 0.313369
vt 0.649473 0.308500
vt 0.624801 0.301386
vt 0.630076 0.186713
vt 0.676112 0.661303
vt 0.708369 0.137790
vt 0.678503 0.137472
vt 0.658754 0.136594
vt 0.639461 0.135710
vt 0.584446 0.124850
vt 0.821326 0.081473
vt 0.639152 0.781893
vt 0.624805 0.686755
vt 0.614434 0.703578
vt 0.626143 0.770068
vt 0.611138 0.728413
vt 0.616168 0.755117
vt 0.157280 0.737121
vt 0.154540 0.760058
vt 0.151712 0.787571
vt 0.149307 0.815925
vt 0.147748 0.839441
vt 0.149726 0.868912
vt 0.152644 0.919984
vt 0.153369 0.948271
vt 0.605804 0.284062
vt 0.608049 0.198757
vt 0.595064 0.264438
vt 0.594868 0.207525
vt 0.591188 0.242015
vt 0.282955 0.719564
vt 0.353691 0.733920
vt 0.888497 0.322555
vt 0.882886 0.460542
vt 0.859343 0.322555
vt 0.859319 0.512356
vt 0.884950 0.512356
vt 0.859323 0.484080
vt 0.871660 0.610049
vt 0.859296 0.597970
vt 0.881506 0.597970
vt 0.850949 0.622406
vt 0.859272 0.237766
vt 0.867702 0.218648
vt 0.877989 0.237766
vt 0.862849 0.209080
vt 0.845642 0.195941
vt 0.824268 0.183715
vt 0.351333 0.731618
vt 0.734915 0.987733
vt 0.751809 0.987721
vt 0.734925 0.992666
vt 0.751810 0.992652
vt 0.751788 0.958349
vt 0.734895 0.958361
vt 0.765992 0.641678
vt 0.785165 0.644373
vt 0.766192 0.653724
vt 0.781642 0.655901
vt 0.766336 0.661385
vt 0.779410 0.663222
vt 0.684233 0.987768
vt 0.701129 0.987756
vt 0.684240 0.992704
vt 0.701137 0.992689
vt 0.718029 0.992679
vt 0.718021 0.987745
vt 0.701108 0.958384
vt 0.684213 0.958396
vt 0.718000 0.958372
vt 0.750831 0.656429
vt 0.737051 0.663761
vt 0.746913 0.645041
vt 0.729811 0.654133
vt 0.716353 0.668067
vt 0.726223 0.674977
vt 0.753331 0.663676
vt 0.741670 0.669875
vt 0.732491 0.679380
vt 0.667335 0.987780
vt 0.667337 0.992711
vt 0.667315 0.958407
vt 0.707853 0.685486
vt 0.719382 0.689009
vt 0.726703 0.691241
vt 0.954545 0.987583
vt 0.971437 0.987571
vt 0.954547 0.992519
vt 0.971445 0.992505
vt 0.987958 0.992493
vt 0.988331 0.987560
vt 0.650442 0.987792
vt 0.650835 0.992724
vt 0.971417 0.958199
vt 0.954525 0.958210
vt 0.988311 0.958187
vt 0.650421 0.958419
vt 0.717203 0.704458
vt 0.719921 0.719820
vt 0.705158 0.704659
vt 0.708521 0.723738
vt 0.717625 0.740840
vt 0.727241 0.733599
vt 0.724865 0.704326
vt 0.727157 0.717332
vt 0.733356 0.728980
vt 0.802494 0.987686
vt 0.819388 0.987675
vt 0.802502 0.992620
vt 0.819398 0.992607
vt 0.819368 0.958302
vt 0.802474 0.958314
vt 0.825610 0.683433
vt 0.828973 0.702511
vt 0.814222 0.687350
vt 0.816927 0.702713
vt 0.806974 0.689839
vt 0.809265 0.702844
vt 0.768707 0.987709
vt 0.768714 0.992646
vt 0.785610 0.992630
vt 0.785602 0.987698
vt 0.768686 0.958337
vt 0.785582 0.958325
vt 0.806890 0.673571
vt 0.795673 0.662731
vt 0.816518 0.666331
vt 0.802584 0.652872
vt 0.800776 0.678191
vt 0.791270 0.669011
vt 0.870072 0.987640
vt 0.886965 0.987629
vt 0.870067 0.992574
vt 0.886973 0.992563
vt 0.870052 0.958268
vt 0.804332 0.753026
vt 0.787217 0.762130
vt 0.797080 0.743410
vt 0.783301 0.750730
vt 0.792461 0.737295
vt 0.780811 0.743494
vt 0.836282 0.987663
vt 0.836282 0.992594
vt 0.853186 0.992586
vt 0.853171 0.987652
vt 0.836262 0.958291
vt 0.853150 0.958280
vt 0.807920 0.732182
vt 0.814750 0.718161
vt 0.817779 0.739103
vt 0.826277 0.721685
vt 0.801639 0.727791
vt 0.807429 0.715930
vt 0.937643 0.987594
vt 0.937649 0.992531
vt 0.937623 0.958222
vt 0.731559 0.754298
vt 0.738469 0.744428
vt 0.742860 0.738160
vt 0.903859 0.987617
vt 0.903859 0.992550
vt 0.920755 0.992537
vt 0.920753 0.987606
vt 0.920732 0.958233
vt 0.903839 0.958245
vt 0.752490 0.751269
vt 0.767938 0.753447
vt 0.748966 0.762798
vt 0.768151 0.765492
vt 0.754721 0.743948
vt 0.767807 0.745785
vt 0.805427 0.702922
vt 0.803345 0.691089
vt 0.005776 0.172085
vt 0.042381 0.172430
vt 0.039597 0.177768
vt 0.797713 0.680494
vt 0.789075 0.672156
vt 0.767741 0.741948
vt 0.779562 0.739865
vt 0.743975 0.672938
vt 0.735637 0.681575
vt 0.755843 0.740276
vt 0.745055 0.735014
vt 0.754580 0.667306
vt 0.798494 0.725595
vt 0.803757 0.714808
vt 0.728703 0.704249
vt 0.730787 0.716082
vt 0.778288 0.666894
vt 0.766402 0.665222
vt 0.790157 0.734232
vt 0.736419 0.726676
vt 0.730375 0.692363
vt 0.776489 0.730947
vt 0.784585 0.726835
vt 0.790682 0.720123
vt 0.794780 0.712054
vt 0.796127 0.703078
vt 0.794623 0.694090
vt 0.790258 0.686113
vt 0.783684 0.679851
vt 0.775558 0.675812
vt 0.766559 0.674559
vt 0.757605 0.676108
vt 0.749581 0.680382
vt 0.743237 0.686898
vt 0.739421 0.695139
vt 0.737981 0.704093
vt 0.739577 0.713057
vt 0.743932 0.721011
vt 0.750459 0.727296
vt 0.758551 0.731429
vt 0.767573 0.732682
vt 0.775621 0.728442
vt 0.782975 0.724708
vt 0.788635 0.718697
vt 0.792204 0.711273
vt 0.793453 0.703123
vt 0.791934 0.695018
vt 0.788222 0.687641
vt 0.782189 0.681980
vt 0.774742 0.678447
vt 0.766603 0.677210
vt 0.758498 0.678705
vt 0.751180 0.682509
vt 0.745484 0.688485
vt 0.741868 0.695887
vt 0.740620 0.704048
vt 0.742162 0.712164
vt 0.746035 0.719424
vt 0.751954 0.725167
vt 0.759355 0.728782
vt 0.767516 0.729868
vt 0.767060 0.703591
vt 0.886945 0.958257
vt 0.004889 0.166130
vt 0.043378 0.166492
vt 0.008457 0.177478
vt 0.012677 0.181774
vt 0.035298 0.181988
vt 0.018015 0.184558
vt 0.029908 0.184669
vt 0.023953 0.185555
vt 0.042492 0.160537
vt 0.005886 0.160192
vt 0.008671 0.154854
vt 0.039811 0.155147
vt 0.012967 0.150634
vt 0.018360 0.147953
vt 0.024315 0.147066
vt 0.030253 0.148064
vt 0.035591 0.150848
vt 0.733263 0.943138
vt 0.750157 0.943126
vt 0.733273 0.948071
vt 0.750158 0.948057
vt 0.750136 0.913754
vt 0.733243 0.913766
vt 0.766880 0.775601
vt 0.786053 0.778296
vt 0.767081 0.787647
vt 0.782530 0.789824
vt 0.767224 0.795308
vt 0.780298 0.797145
vt 0.682581 0.943173
vt 0.699477 0.943161
vt 0.682588 0.948109
vt 0.699485 0.948094
vt 0.716377 0.948084
vt 0.716369 0.943150
vt 0.699456 0.913789
vt 0.682561 0.913801
vt 0.716348 0.913777
vt 0.751719 0.790352
vt 0.737939 0.797684
vt 0.747801 0.778964
vt 0.730699 0.788056
vt 0.717241 0.801990
vt 0.727111 0.808900
vt 0.754219 0.797599
vt 0.742559 0.803798
vt 0.733379 0.813303
vt 0.665683 0.943185
vt 0.665685 0.948116
vt 0.665663 0.913812
vt 0.708741 0.819409
vt 0.720270 0.822932
vt 0.727591 0.825164
vt 0.952893 0.942988
vt 0.969785 0.942976
vt 0.952895 0.947924
vt 0.969793 0.947910
vt 0.986306 0.947898
vt 0.986679 0.942965
vt 0.648790 0.943197
vt 0.649183 0.948129
vt 0.969765 0.913604
vt 0.952873 0.913615
vt 0.986659 0.913592
vt 0.648769 0.913824
vt 0.718092 0.838381
vt 0.720809 0.853743
vt 0.706046 0.838582
vt 0.709409 0.857661
vt 0.718513 0.874763
vt 0.728129 0.867522
vt 0.725754 0.838249
vt 0.728045 0.851255
vt 0.734244 0.862903
vt 0.800842 0.943091
vt 0.817736 0.943080
vt 0.800850 0.948025
vt 0.817746 0.948012
vt 0.817716 0.913707
vt 0.800822 0.913719
vt 0.826498 0.817356
vt 0.829861 0.836434
vt 0.815110 0.821273
vt 0.817815 0.836636
vt 0.807862 0.823762
vt 0.810153 0.836767
vt 0.767055 0.943114
vt 0.767062 0.948051
vt 0.783958 0.948035
vt 0.783950 0.943103
vt 0.767034 0.913742
vt 0.783930 0.913730
vt 0.807778 0.807494
vt 0.796562 0.796654
vt 0.817406 0.800254
vt 0.803472 0.786795
vt 0.801664 0.812114
vt 0.792159 0.802934
vt 0.868421 0.943045
vt 0.885313 0.943034
vt 0.868416 0.947979
vt 0.885321 0.947968
vt 0.868401 0.913673
vt 0.805220 0.886949
vt 0.788106 0.896053
vt 0.797968 0.877333
vt 0.784189 0.884653
vt 0.793349 0.871218
vt 0.781700 0.877417
vt 0.834630 0.943068
vt 0.834631 0.947999
vt 0.851534 0.947991
vt 0.851519 0.943057
vt 0.834610 0.913696
vt 0.851499 0.913685
vt 0.808808 0.866105
vt 0.815638 0.852084
vt 0.818667 0.873026
vt 0.827166 0.855608
vt 0.802528 0.861714
vt 0.808317 0.849853
vt 0.935991 0.942999
vt 0.935997 0.947936
vt 0.935971 0.913627
vt 0.732447 0.888221
vt 0.739357 0.878351
vt 0.743748 0.872083
vt 0.902208 0.943022
vt 0.902208 0.947955
vt 0.919103 0.947942
vt 0.919101 0.943011
vt 0.919081 0.913638
vt 0.902188 0.913650
vt 0.753378 0.885192
vt 0.768826 0.887370
vt 0.749854 0.896721
vt 0.769039 0.899415
vt 0.755609 0.877871
vt 0.768695 0.879708
vt 0.806316 0.836845
vt 0.804233 0.825012
vt 0.004283 0.124290
vt 0.040888 0.124635
vt 0.038104 0.129973
vt 0.798601 0.814417
vt 0.789963 0.806079
vt 0.768629 0.875871
vt 0.780450 0.873788
vt 0.744863 0.806861
vt 0.736525 0.815498
vt 0.756731 0.874199
vt 0.745944 0.868937
vt 0.755469 0.801229
vt 0.799382 0.859518
vt 0.804645 0.848731
vt 0.729591 0.838172
vt 0.731675 0.850005
vt 0.779176 0.800817
vt 0.767290 0.799145
vt 0.791045 0.868155
vt 0.737307 0.860599
vt 0.731263 0.826286
vt 0.777378 0.864870
vt 0.785473 0.860758
vt 0.791571 0.854046
vt 0.795669 0.845977
vt 0.797015 0.837001
vt 0.795512 0.828013
vt 0.791146 0.820036
vt 0.784572 0.813774
vt 0.776446 0.809735
vt 0.767447 0.808482
vt 0.758494 0.810031
vt 0.750469 0.814305
vt 0.744126 0.820821
vt 0.740309 0.829062
vt 0.738869 0.838016
vt 0.740465 0.846980
vt 0.744820 0.854934
vt 0.751347 0.861219
vt 0.759439 0.865352
vt 0.768461 0.866605
vt 0.776509 0.862365
vt 0.783863 0.858631
vt 0.789524 0.852620
vt 0.793092 0.845196
vt 0.794341 0.837046
vt 0.792822 0.828941
vt 0.789111 0.821564
vt 0.783077 0.815903
vt 0.775630 0.812370
vt 0.767491 0.811133
vt 0.759387 0.812628
vt 0.752068 0.816432
vt 0.746372 0.822408
vt 0.742757 0.829810
vt 0.741508 0.837971
vt 0.743050 0.846087
vt 0.746923 0.853347
vt 0.752842 0.859090
vt 0.760243 0.862705
vt 0.768404 0.863791
vt 0.767948 0.837514
vt 0.885293 0.913662
vt 0.003396 0.118335
vt 0.041885 0.118697
vt 0.006964 0.129683
vt 0.011184 0.133979
vt 0.033805 0.134193
vt 0.016522 0.136763
vt 0.028415 0.136874
vt 0.022460 0.137760
vt 0.040999 0.112742
vt 0.004393 0.112397
vt 0.007178 0.107059
vt 0.038318 0.107352
vt 0.011474 0.102839
vt 0.016867 0.100158
vt 0.022822 0.099271
vt 0.028760 0.100269
vt 0.034098 0.103053
vt 0.934056 0.523126
vt 0.938989 0.523116
vt 0.934044 0.506232
vt 0.938975 0.506231
vt 0.904672 0.506253
vt 0.904684 0.523146
vt 0.900665 0.638513
vt 0.900866 0.650559
vt 0.919838 0.641208
vt 0.916315 0.652736
vt 0.901009 0.658220
vt 0.914083 0.660057
vt 0.934091 0.573808
vt 0.939027 0.573801
vt 0.934079 0.556912
vt 0.939012 0.556904
vt 0.939002 0.540012
vt 0.934068 0.540020
vt 0.904707 0.556933
vt 0.904719 0.573828
vt 0.904695 0.540041
vt 0.885504 0.653264
vt 0.881586 0.641876
vt 0.871724 0.660596
vt 0.864484 0.650968
vt 0.851026 0.664902
vt 0.860896 0.671812
vt 0.888004 0.660511
vt 0.876344 0.666710
vt 0.867164 0.676215
vt 0.934103 0.590706
vt 0.939034 0.590704
vt 0.904730 0.590726
vt 0.842526 0.682321
vt 0.854055 0.685844
vt 0.861376 0.688076
vt 0.933906 0.303496
vt 0.938842 0.303494
vt 0.933894 0.286604
vt 0.938828 0.286596
vt 0.938816 0.270083
vt 0.933883 0.269710
vt 0.934115 0.607599
vt 0.939047 0.607206
vt 0.904522 0.286624
vt 0.904533 0.303516
vt 0.904510 0.269730
vt 0.904742 0.607620
vt 0.851877 0.701293
vt 0.839831 0.701494
vt 0.854594 0.716655
vt 0.843194 0.720573
vt 0.852298 0.737675
vt 0.861914 0.730434
vt 0.859539 0.701161
vt 0.861830 0.714167
vt 0.868029 0.725815
vt 0.934009 0.455547
vt 0.938943 0.455539
vt 0.933998 0.438653
vt 0.938930 0.438643
vt 0.904625 0.438673
vt 0.904637 0.455567
vt 0.960283 0.680268
vt 0.948895 0.684185
vt 0.963646 0.699346
vt 0.951600 0.699548
vt 0.941647 0.686674
vt 0.943938 0.699679
vt 0.934032 0.489334
vt 0.938969 0.489327
vt 0.938953 0.472431
vt 0.934021 0.472439
vt 0.904660 0.489355
vt 0.904648 0.472459
vt 0.941563 0.670406
vt 0.951191 0.663166
vt 0.930347 0.659566
vt 0.937257 0.649707
vt 0.935449 0.675026
vt 0.925944 0.665846
vt 0.933963 0.387968
vt 0.938897 0.387973
vt 0.933952 0.371076
vt 0.938886 0.371068
vt 0.904591 0.387988
vt 0.939005 0.749861
vt 0.931753 0.740245
vt 0.921891 0.758965
vt 0.917974 0.747565
vt 0.927134 0.734130
vt 0.915485 0.740329
vt 0.933986 0.421759
vt 0.938917 0.421758
vt 0.938909 0.404855
vt 0.933975 0.404870
vt 0.904614 0.421779
vt 0.904603 0.404890
vt 0.942593 0.729017
vt 0.952452 0.735938
vt 0.949423 0.714996
vt 0.960951 0.718520
vt 0.936313 0.724626
vt 0.942102 0.712765
vt 0.933917 0.320398
vt 0.938854 0.320392
vt 0.904545 0.320418
vt 0.866232 0.751133
vt 0.873142 0.741263
vt 0.877533 0.734995
vt 0.933940 0.354181
vt 0.938873 0.354181
vt 0.938860 0.337286
vt 0.933929 0.337288
vt 0.904556 0.337308
vt 0.904568 0.354201
vt 0.887163 0.748104
vt 0.883639 0.759633
vt 0.902611 0.750282
vt 0.902824 0.762327
vt 0.889394 0.740783
vt 0.902480 0.742620
vt 0.940101 0.699757
vt 0.938018 0.687924
vt 0.006231 0.079076
vt 0.040052 0.084759
vt 0.042836 0.079421
vt 0.932386 0.677329
vt 0.923748 0.668991
vt 0.902414 0.738783
vt 0.914235 0.736700
vt 0.878648 0.669773
vt 0.870310 0.678410
vt 0.890516 0.737111
vt 0.879729 0.731849
vt 0.889254 0.664141
vt 0.933167 0.722430
vt 0.938430 0.711643
vt 0.863376 0.701084
vt 0.865460 0.712917
vt 0.912961 0.663729
vt 0.901075 0.662057
vt 0.924830 0.731067
vt 0.871092 0.723511
vt 0.865048 0.689198
vt 0.911163 0.727782
vt 0.919258 0.723670
vt 0.925356 0.716958
vt 0.929454 0.708889
vt 0.930800 0.699913
vt 0.929297 0.690925
vt 0.924931 0.682948
vt 0.918357 0.676686
vt 0.910231 0.672647
vt 0.901232 0.671394
vt 0.892279 0.672943
vt 0.884254 0.677217
vt 0.877911 0.683733
vt 0.874094 0.691974
vt 0.872654 0.700928
vt 0.874250 0.709892
vt 0.878605 0.717846
vt 0.885132 0.724131
vt 0.893224 0.728264
vt 0.902246 0.729517
vt 0.910294 0.725277
vt 0.917648 0.721543
vt 0.923309 0.715532
vt 0.926877 0.708108
vt 0.928126 0.699958
vt 0.926607 0.691853
vt 0.922896 0.684476
vt 0.916862 0.678815
vt 0.909415 0.675282
vt 0.901276 0.674045
vt 0.893172 0.675540
vt 0.885853 0.679344
vt 0.880157 0.685320
vt 0.876542 0.692722
vt 0.875293 0.700883
vt 0.876835 0.708999
vt 0.880708 0.716259
vt 0.886627 0.722002
vt 0.894028 0.725617
vt 0.902189 0.726703
vt 0.901733 0.700426
vt 0.904580 0.371096
vt 0.005344 0.073121
vt 0.043833 0.073483
vt 0.008912 0.084469
vt 0.013132 0.088765
vt 0.018470 0.091549
vt 0.035753 0.088979
vt 0.024408 0.092546
vt 0.030363 0.091660
vt 0.042947 0.067528
vt 0.006341 0.067183
vt 0.040266 0.062138
vt 0.009126 0.061845
vt 0.018815 0.054944
vt 0.013422 0.057625
vt 0.024770 0.054057
vt 0.030708 0.055055
vt 0.036046 0.057839
vt 0.980303 0.523126
vt 0.985235 0.523116
vt 0.980291 0.506232
vt 0.985222 0.506231
vt 0.950918 0.506253
vt 0.950930 0.523146
vt 0.900665 0.777252
vt 0.900866 0.789298
vt 0.919838 0.779947
vt 0.916315 0.791475
vt 0.901009 0.796959
vt 0.914083 0.798796
vt 0.980338 0.573808
vt 0.985273 0.573801
vt 0.980326 0.556912
vt 0.985259 0.556904
vt 0.985249 0.540012
vt 0.980314 0.540020
vt 0.950953 0.556933
vt 0.950966 0.573828
vt 0.950942 0.540041
vt 0.885504 0.792003
vt 0.881586 0.780616
vt 0.871724 0.799335
vt 0.864484 0.789707
vt 0.851026 0.803641
vt 0.860896 0.810551
vt 0.888004 0.799251
vt 0.876344 0.805449
vt 0.867164 0.814954
vt 0.980350 0.590706
vt 0.985281 0.590704
vt 0.950976 0.590726
vt 0.842526 0.821060
vt 0.854055 0.824583
vt 0.861376 0.826816
vt 0.980153 0.303496
vt 0.985089 0.303494
vt 0.980141 0.286604
vt 0.985075 0.286596
vt 0.985063 0.270083
vt 0.980130 0.269710
vt 0.980361 0.607599
vt 0.985294 0.607206
vt 0.950769 0.286624
vt 0.950779 0.303516
vt 0.950757 0.269730
vt 0.950989 0.607620
vt 0.851877 0.840033
vt 0.839831 0.840234
vt 0.854594 0.855395
vt 0.843194 0.859312
vt 0.852298 0.876414
vt 0.861914 0.869173
vt 0.859539 0.839900
vt 0.861830 0.852906
vt 0.868029 0.864554
vt 0.980256 0.455547
vt 0.985189 0.455539
vt 0.980245 0.438653
vt 0.985177 0.438643
vt 0.950872 0.438673
vt 0.950884 0.455567
vt 0.960283 0.819007
vt 0.948895 0.822925
vt 0.963646 0.838085
vt 0.951600 0.838288
vt 0.941647 0.825413
vt 0.943938 0.838418
vt 0.980278 0.489334
vt 0.985215 0.489327
vt 0.985200 0.472431
vt 0.980268 0.472439
vt 0.950907 0.489355
vt 0.950895 0.472459
vt 0.941563 0.809146
vt 0.951191 0.801905
vt 0.930347 0.798305
vt 0.937257 0.788446
vt 0.935449 0.813765
vt 0.925944 0.804585
vt 0.980210 0.387968
vt 0.985143 0.387973
vt 0.980199 0.371076
vt 0.985133 0.371068
vt 0.950838 0.387988
vt 0.939005 0.888601
vt 0.931753 0.878984
vt 0.921891 0.897705
vt 0.917974 0.886305
vt 0.927134 0.872869
vt 0.915485 0.879069
vt 0.980233 0.421759
vt 0.985164 0.421758
vt 0.985156 0.404855
vt 0.980222 0.404870
vt 0.950861 0.421779
vt 0.950850 0.404890
vt 0.942593 0.867757
vt 0.952452 0.874677
vt 0.949423 0.853736
vt 0.960951 0.857259
vt 0.936313 0.863365
vt 0.942102 0.851505
vt 0.980164 0.320398
vt 0.985101 0.320392
vt 0.950792 0.320418
vt 0.866232 0.889872
vt 0.873142 0.880002
vt 0.877533 0.873734
vt 0.980187 0.354181
vt 0.985120 0.354181
vt 0.985107 0.337286
vt 0.980176 0.337288
vt 0.950803 0.337308
vt 0.950815 0.354201
vt 0.887163 0.886844
vt 0.883639 0.898372
vt 0.902611 0.889021
vt 0.902824 0.901066
vt 0.889394 0.879523
vt 0.902480 0.881360
vt 0.940101 0.838497
vt 0.938018 0.826663
vt 0.004923 0.033454
vt 0.038744 0.039137
vt 0.041528 0.033799
vt 0.932386 0.816068
vt 0.923748 0.807730
vt 0.902414 0.877522
vt 0.914235 0.875439
vt 0.878648 0.808513
vt 0.870310 0.817149
vt 0.890516 0.875850
vt 0.879729 0.870588
vt 0.889254 0.802880
vt 0.933167 0.861170
vt 0.938430 0.850383
vt 0.863376 0.839823
vt 0.865460 0.851656
vt 0.912961 0.802468
vt 0.901075 0.800796
vt 0.924830 0.869806
vt 0.871092 0.862251
vt 0.865048 0.827938
vt 0.911163 0.866522
vt 0.919258 0.862410
vt 0.925356 0.855697
vt 0.929454 0.847629
vt 0.930800 0.838653
vt 0.929297 0.829664
vt 0.924931 0.821687
vt 0.918357 0.815425
vt 0.910231 0.811387
vt 0.901232 0.810133
vt 0.892279 0.811682
vt 0.884254 0.815957
vt 0.877911 0.822473
vt 0.874094 0.830713
vt 0.872654 0.839667
vt 0.874250 0.848632
vt 0.878605 0.856585
vt 0.885132 0.862870
vt 0.893224 0.867004
vt 0.902246 0.868257
vt 0.910294 0.864016
vt 0.917648 0.860282
vt 0.923309 0.854271
vt 0.926877 0.846847
vt 0.928126 0.838697
vt 0.926607 0.830592
vt 0.922896 0.823215
vt 0.916862 0.817554
vt 0.909415 0.814022
vt 0.901276 0.812784
vt 0.893172 0.814279
vt 0.885853 0.818083
vt 0.880157 0.824059
vt 0.876542 0.831461
vt 0.875293 0.839622
vt 0.876835 0.847738
vt 0.880708 0.854999
vt 0.886627 0.860742
vt 0.894028 0.864356
vt 0.902189 0.865442
vt 0.901733 0.839166
vt 0.950827 0.371096
vt 0.004036 0.027499
vt 0.042525 0.027861
vt 0.007604 0.038847
vt 0.011824 0.043143
vt 0.017162 0.045927
vt 0.034445 0.043357
vt 0.023100 0.046924
vt 0.029055 0.046038
vt 0.041639 0.021906
vt 0.005033 0.021561
vt 0.038958 0.016516
vt 0.007818 0.016223
vt 0.017507 0.009322
vt 0.012114 0.012003
vt 0.023462 0.008435
vt 0.029400 0.009433
vt 0.034738 0.012217
vn -0.8626 -0.4986 0.0853
vn -0.9660 -0.2587 0.0050
vn -0.9636 -0.2454 0.1057
vn -0.9415 -0.2929 0.1670
vn -0.9414 -0.2935 0.1661
vn -0.9296 -0.3437 0.1333
vn -0.8718 -0.4871 -0.0516
vn -0.9318 -0.3185 -0.1739
vn -0.8080 -0.4737 -0.3504
vn -0.7871 -0.5377 -0.3023
vn -0.5506 -0.6924 -0.4662
vn -0.8378 -0.4914 0.2378
vn -0.7996 -0.5329 0.2768
vn -0.9647 -0.2205 0.1439
vn -0.5488 -0.7352 -0.3978
vn -0.5546 -0.8299 -0.0600
vn -0.5070 -0.8368 0.2067
vn -0.5605 -0.7824 0.2716
vn -0.7446 -0.6672 0.0211
vn -0.5579 -0.8290 0.0385
vn -0.0993 -0.9896 0.1043
vn -0.1197 -0.8914 0.4371
vn -0.1082 -0.8701 -0.4809
vn -0.1803 -0.9354 -0.3042
vn -0.1754 -0.9791 0.1026
vn -0.0775 -0.6965 -0.7134
vn -0.0957 -0.9126 -0.3976
vn -0.0794 -0.9800 0.1825
vn -0.0537 -0.9086 0.4141
vn -0.0463 -0.9936 0.1027
vn -0.0362 -0.9843 0.1728
vn -0.1017 -0.9838 0.1479
vn -0.1227 -0.8628 0.4905
vn -0.0240 -0.9320 0.3617
vn 0.0000 -0.9373 0.3484
vn -0.1796 -0.4490 0.8753
vn -0.3558 -0.4369 0.8262
vn -0.4080 -0.5353 0.7396
vn -0.4462 -0.6795 0.5823
vn -0.3660 -0.5186 0.7727
vn -0.3568 -0.3945 0.8468
vn -0.6002 -0.7247 0.3385
vn -0.9851 0.0615 -0.1607
vn -0.9890 0.0630 -0.1336
vn -0.9813 0.0592 -0.1833
vn -0.9666 0.0417 -0.2527
vn -0.9991 0.0426 -0.0055
vn -0.9973 0.0734 0.0090
vn -0.9970 0.0562 0.0525
vn -0.9990 0.0412 -0.0187
vn -0.9990 0.0416 -0.0191
vn -0.9912 0.0679 -0.1140
vn -0.9994 0.0023 -0.0335
vn -0.9896 -0.1019 0.1013
vn -0.9240 0.0323 0.3809
vn -0.9371 -0.1527 0.3138
vn -0.8379 -0.0472 0.5438
vn -0.9614 0.0308 0.2736
vn -0.7059 -0.0165 0.7081
vn -0.8152 0.0053 0.5792
vn -0.6127 0.0134 0.7902
vn -0.7365 -0.0832 0.6713
vn -0.8160 -0.1183 0.5658
vn -0.7653 -0.1186 0.6327
vn -0.8256 -0.1043 0.5546
vn -0.8158 -0.1625 0.5550
vn -0.5705 -0.1198 0.8125
vn -0.4458 -0.0649 0.8928
vn -0.2189 -0.0743 0.9729
vn -0.6110 0.0233 0.7913
vn -0.8863 -0.2125 0.4115
vn -0.8863 -0.2125 0.4116
vn -0.9813 -0.0948 0.1675
vn -0.9975 0.0610 -0.0346
vn -0.9129 -0.0471 0.4055
vn -0.9058 -0.0006 0.4237
vn -0.8866 0.0090 0.4624
vn -0.8731 0.0009 0.4876
vn -0.9159 -0.0644 0.3962
vn -0.8913 -0.0585 0.4497
vn -0.8835 -0.0447 0.4664
vn -0.8482 0.0126 0.5295
vn -0.1187 -0.5529 0.8247
vn -0.3775 -0.4998 0.7795
vn -0.1170 -0.5414 0.8326
vn -0.0617 -0.5467 0.8351
vn -0.0801 -0.5317 0.8431
vn -0.0709 0.1811 0.9809
vn -0.1469 0.2400 0.9596
vn -0.0539 0.1139 0.9920
vn -0.0000 0.1452 0.9894
vn -0.0000 0.1599 0.9871
vn 0.0000 -0.1798 0.9837
vn -0.0390 -0.1525 0.9875
vn -0.0349 -0.1617 0.9862
vn -0.0000 -0.1888 0.9820
vn -0.0000 -0.0033 1.0000
vn 0.0000 0.0075 1.0000
vn 0.0279 0.0822 0.9962
vn -0.0087 0.0409 0.9991
vn -0.0308 -0.0008 0.9995
vn -0.0422 -0.0336 0.9985
vn -0.0444 -0.0598 0.9972
vn -0.0000 -0.0922 0.9957
vn -0.0000 0.0763 0.9971
vn -0.0000 0.0196 0.9998
vn -0.0000 -0.0368 0.9993
vn -0.0000 -0.0480 0.9988
vn -0.5891 0.1670 0.7906
vn -0.6490 0.0059 0.7607
vn -0.5835 -0.0032 0.8121
vn -0.6498 0.0158 0.7599
vn -0.8401 0.0503 0.5400
vn -0.8401 0.0504 0.5400
vn -0.6466 0.0473 0.7614
vn -0.8933 0.0655 0.4447
vn -0.8991 0.0239 0.4372
vn -0.9939 -0.0526 0.0965
vn -0.9471 -0.0389 0.3187
vn -0.9923 0.0026 -0.1241
vn -0.9821 -0.0575 -0.1794
vn -0.9054 0.0204 0.4240
vn -0.8208 0.0021 0.5713
vn -0.7497 0.0572 0.6593
vn -0.9820 0.0100 0.1888
vn -0.9110 0.0461 0.4099
vn -0.8399 0.0014 0.5427
vn -0.8830 -0.0191 0.4690
vn -0.9251 -0.0035 0.3798
vn -0.9274 0.0098 0.3739
vn -0.9290 0.0009 0.3700
vn -0.9355 0.0369 0.3513
vn -0.8963 -0.0291 0.4424
vn -0.7749 0.1756 0.6072
vn -0.8090 0.0711 0.5835
vn -0.7710 0.2458 0.5875
vn -0.8442 0.2573 0.4702
vn -0.8786 0.3080 0.3649
vn -0.8595 0.3503 0.3722
vn -0.8994 0.2836 0.3327
vn -0.7430 0.1525 0.6517
vn -0.9358 -0.0229 0.3518
vn -0.9957 -0.0191 0.0901
vn -0.9991 -0.0257 0.0323
vn -0.9989 -0.0475 0.0048
vn -0.9947 -0.1026 0.0054
vn -0.9994 -0.0337 0.0071
vn -0.9877 -0.1521 -0.0367
vn -0.9879 -0.1506 -0.0361
vn -0.9888 -0.1462 -0.0312
vn -0.7984 0.3097 0.5164
vn -0.9074 0.3806 0.1785
vn -0.9323 0.0077 0.3617
vn -0.7713 0.0959 0.6292
vn -0.6345 0.1746 0.7529
vn -0.5618 0.1703 0.8096
vn -0.7432 0.1242 0.6574
vn -0.6265 0.3740 0.6838
vn -0.6443 0.3134 0.6976
vn -0.6253 0.3705 0.6868
vn -0.6851 0.2400 0.6878
vn -0.5385 0.3144 0.7818
vn -0.5703 0.3269 0.7536
vn -0.2877 0.4073 0.8668
vn -0.6030 0.3058 0.7368
vn 0.4263 -0.9046 0.0032
vn 0.4089 -0.9121 0.0285
vn 0.4307 -0.9024 0.0096
vn 0.4937 -0.8684 -0.0466
vn 0.5658 -0.8202 -0.0853
vn 0.6482 -0.7447 -0.1589
vn 0.7681 -0.6144 -0.1807
vn 0.5438 -0.8387 -0.0289
vn 0.7497 -0.5740 -0.3294
vn 0.9405 0.1604 0.2995
vn -0.3905 -0.2926 -0.8729
vn -0.3804 -0.3710 -0.8471
vn -0.3902 -0.2953 -0.8721
vn -0.3977 -0.2155 -0.8918
vn -0.0281 -0.0983 -0.9948
vn 0.0030 -0.0965 -0.9953
vn 0.0029 -0.0958 -0.9954
vn -0.0514 -0.0958 -0.9941
vn -0.9209 -0.0629 -0.3848
vn -0.5232 0.8521 -0.0125
vn -0.5477 0.8346 0.0587
vn -0.5531 0.8331 -0.0072
vn -0.5419 0.8397 -0.0366
vn -0.6390 0.7655 0.0759
vn -0.6773 0.7321 0.0731
vn -0.7976 0.4082 0.4441
vn -0.9301 0.2561 0.2632
vn -0.9936 0.0041 0.1129
vn -0.9525 -0.1874 0.2402
vn -0.7968 -0.1616 0.5822
vn -0.9414 -0.3279 0.0783
vn -0.1222 -0.0124 0.9924
vn 0.0640 0.0077 0.9979
vn 0.0862 0.0628 0.9943
vn 0.0861 0.0728 0.9936
vn -0.2196 -0.7323 0.6446
vn -0.0001 0.4087 0.9126
vn -0.0002 0.4605 0.8877
vn -0.1849 0.4678 0.8643
vn -0.1304 0.3909 0.9112
vn -0.2570 0.4058 0.8771
vn -0.3371 0.4374 0.8337
vn -0.1703 0.4777 0.8618
vn -0.2155 0.4016 0.8901
vn -0.2710 0.4592 0.8460
vn -0.2331 0.4193 0.8774
vn -0.2468 0.4339 0.8665
vn -0.2199 0.4052 0.8874
vn -0.1559 0.2293 0.9608
vn -0.1477 0.1608 0.9759
vn -0.1238 0.1647 0.9785
vn -0.0781 0.1753 0.9814
vn 0.0000 0.1696 0.9855
vn -0.0000 0.1605 0.9870
vn -0.0000 0.1989 0.9800
vn -0.0000 0.2629 0.9648
vn -0.1077 0.3834 0.9173
vn 0.0000 0.3395 0.9406
vn -0.1497 0.4230 0.8937
vn 0.0000 0.5415 0.8407
vn -0.2444 0.2545 0.9357
vn -0.1137 0.5882 0.8007
vn -0.4346 0.5262 0.7309
vn -0.0477 0.1635 0.9854
vn -0.1434 0.2066 0.9679
vn -0.0965 0.1652 0.9815
vn -0.4889 0.7875 0.3753
vn -0.4909 0.7826 0.3828
vn -0.4843 0.7980 0.3587
vn -0.8404 0.4834 -0.2452
vn -0.7842 0.4627 -0.4135
vn -0.8640 0.4013 -0.3040
vn -0.9047 0.4097 -0.1170
vn -0.9135 0.3992 0.0780
vn -0.9538 0.3004 -0.0010
vn -0.9684 0.2484 0.0208
vn -0.9481 0.2813 0.1483
vn -0.8836 0.4572 0.1015
vn -0.9032 0.4288 0.0189
vn -0.6437 0.7034 -0.3015
vn -0.7212 0.6682 0.1826
vn -0.6929 0.6400 -0.3321
vn -0.4968 0.8155 -0.2969
vn -0.5407 0.8097 -0.2282
vn -0.7287 0.6844 -0.0250
vn -0.5188 0.7976 0.3077
vn -0.2004 0.8588 0.4715
vn -0.2842 0.9337 -0.2177
vn -0.2495 0.9249 -0.2869
vn -0.3345 0.9047 0.2638
vn -0.0000 0.9614 -0.2753
vn -0.0000 0.9178 0.3971
vn -0.0000 0.9246 -0.3809
vn -0.2321 0.8730 0.4290
vn -0.0000 0.8818 0.4715
vn 0.9307 0.1811 0.3179
vn -0.0000 0.8678 -0.4969
vn -0.0170 0.5247 -0.8511
vn -0.0000 0.7004 -0.7137
vn -0.0000 0.9325 -0.3611
vn -0.0000 0.9595 -0.2819
vn -0.0000 -0.9982 -0.0598
vn -0.0001 -0.9982 -0.0598
vn -0.0113 -0.5550 -0.8318
vn -0.0109 -0.5549 -0.8318
vn -0.0063 -0.7399 -0.6726
vn -0.0169 -0.1851 -0.9826
vn -0.0000 0.4606 -0.8876
vn -0.0000 0.2134 -0.9770
vn -0.0144 -0.1712 -0.9851
vn -0.0144 -0.1713 -0.9851
vn -0.0159 -0.5308 -0.8473
vn -0.0097 0.2069 -0.9783
vn -0.0281 0.5415 -0.8402
vn 0.0023 0.9952 -0.0978
vn -0.0280 0.8771 -0.4796
vn 0.0000 0.9891 -0.1474
vn -0.0000 -0.9728 -0.2319
vn 0.0000 -0.9727 -0.2319
vn 0.0077 -0.9756 -0.2194
vn -0.0284 -0.9605 -0.2770
vn -0.0284 -0.9605 -0.2769
vn -0.0000 -0.7103 -0.7039
vn 0.0000 -0.7102 -0.7040
vn -1.0000 -0.0005 -0.0023
vn -1.0000 -0.0003 -0.0015
vn -1.0000 -0.0003 -0.0013
vn -1.0000 0.0006 -0.0004
vn -1.0000 0.0008 -0.0001
vn -1.0000 0.0004 -0.0005
vn -1.0000 -0.0005 -0.0024
vn 0.0002 0.0219 -0.9998
vn -0.0000 -0.2378 -0.9713
vn -0.0000 -0.5980 -0.8015
vn 0.0000 -0.7644 -0.6447
vn -1.0000 -0.0002 -0.0010
vn -1.0000 -0.0002 -0.0009
vn -1.0000 -0.0002 -0.0006
vn -1.0000 -0.0001 -0.0006
vn 0.0000 0.9960 -0.0896
vn 0.0000 0.8287 -0.5597
vn -0.0013 0.4635 -0.8861
vn -0.0000 0.1623 -0.9867
vn 0.0000 -0.2137 -0.9769
vn -0.0000 -0.8817 -0.4718
vn -0.0000 -0.9810 -0.1942
vn -1.0000 0.0004 -0.0006
vn -1.0000 0.0004 -0.0009
vn -1.0000 0.0005 -0.0023
vn 0.3781 -0.8981 0.2248
vn 0.3781 -0.8981 0.2247
vn 0.3799 -0.9250 0.0018
vn 0.2934 -0.9560 0.0014
vn 0.0390 -0.4809 0.8759
vn 0.2012 -0.8960 0.3959
vn 0.1950 -0.9804 0.0271
vn -0.0000 0.0013 -1.0000
vn 0.0000 0.0126 -0.9999
vn -0.0180 0.0043 -0.9998
vn 0.0000 -0.0141 -0.9999
vn 0.0460 -0.0611 -0.9971
vn -0.0148 -0.0818 -0.9965
vn -0.0150 -0.0825 -0.9965
vn -0.0160 -0.0851 -0.9962
vn 0.0000 0.0603 -0.9982
vn 0.0050 0.0625 -0.9980
vn -0.0499 0.0058 -0.9987
vn -0.0029 0.0414 -0.9991
vn 0.0020 0.0383 -0.9993
vn -0.0160 0.0044 -0.9999
vn 0.8704 -0.4869 0.0731
vn 0.9647 -0.2449 0.0966
vn 0.9660 -0.2584 0.0048
vn 0.9414 -0.2936 0.1662
vn 0.9414 -0.2929 0.1671
vn 0.9295 -0.3439 0.1333
vn 0.8718 -0.4872 -0.0516
vn 0.9318 -0.3186 -0.1740
vn 0.8078 -0.4738 -0.3505
vn 0.7870 -0.5378 -0.3023
vn 0.5505 -0.6925 -0.4663
vn 0.8378 -0.4915 0.2378
vn 0.7995 -0.5331 0.2769
vn 0.5487 -0.7353 -0.3978
vn 0.5545 -0.8300 -0.0600
vn 0.5068 -0.8369 0.2068
vn 0.5604 -0.7824 0.2716
vn 0.7445 -0.6673 0.0211
vn 0.5578 -0.8291 0.0385
vn 0.0993 -0.9896 0.1043
vn 0.1197 -0.8914 0.4371
vn 0.1082 -0.8701 -0.4809
vn 0.1802 -0.9354 -0.3042
vn 0.1754 -0.9791 0.1026
vn 0.1017 -0.9838 0.1479
vn 0.1226 -0.8628 0.4905
vn 0.1795 -0.4490 0.8753
vn 0.3557 -0.4369 0.8262
vn 0.4079 -0.5354 0.7396
vn 0.4461 -0.6796 0.5824
vn 0.3659 -0.5186 0.7728
vn 0.3567 -0.3946 0.8468
vn 0.6001 -0.7248 0.3386
vn 0.9851 0.0616 -0.1608
vn 0.9813 0.0592 -0.1833
vn 0.9890 0.0630 -0.1337
vn 0.9666 0.0417 -0.2528
vn 0.9991 0.0426 -0.0056
vn 0.9970 0.0562 0.0525
vn 0.9973 0.0734 0.0090
vn 0.9990 0.0412 -0.0187
vn 0.9990 0.0416 -0.0191
vn 0.9911 0.0679 -0.1141
vn 0.9994 0.0019 -0.0334
vn 0.9240 0.0323 0.3810
vn 0.9896 -0.1019 0.1013
vn 0.9371 -0.1527 0.3139
vn 0.8378 -0.0472 0.5439
vn 0.9613 0.0308 0.2736
vn 0.7058 -0.0165 0.7082
vn 0.8151 0.0053 0.5793
vn 0.6126 0.0134 0.7903
vn 0.7364 -0.0832 0.6715
vn 0.8159 -0.1183 0.5659
vn 0.8255 -0.1043 0.5547
vn 0.7651 -0.1186 0.6329
vn 0.8157 -0.1626 0.5551
vn 0.5704 -0.1198 0.8126
vn 0.7731 0.0097 0.6342
vn 0.7731 0.0096 0.6342
vn 0.2188 -0.0743 0.9729
vn 0.4457 -0.0649 0.8928
vn 0.6109 0.0233 0.7914
vn 0.8862 -0.2125 0.4117
vn 0.9552 -0.2153 0.2030
vn 0.9813 -0.0949 0.1676
vn 0.9975 0.0610 -0.0346
vn 0.9128 -0.0471 0.4056
vn 0.8866 0.0090 0.4625
vn 0.9058 -0.0006 0.4238
vn 0.8730 0.0009 0.4877
vn 0.9159 -0.0644 0.3963
vn 0.8912 -0.0585 0.4498
vn 0.8834 -0.0447 0.4665
vn 0.8482 0.0126 0.5296
vn 0.1186 -0.5529 0.8247
vn 0.1170 -0.5414 0.8326
vn 0.3774 -0.4998 0.7796
vn 0.0709 0.1811 0.9809
vn 0.0538 0.1139 0.9920
vn 0.1468 0.2400 0.9596
vn 0.0350 -0.1614 0.9863
vn 0.0390 -0.1524 0.9875
vn -0.0279 0.0822 0.9962
vn 0.0088 0.0408 0.9991
vn 0.0308 -0.0008 0.9995
vn 0.0422 -0.0336 0.9985
vn 0.0444 -0.0598 0.9972
vn 0.5889 0.1670 0.7907
vn 0.6489 0.0059 0.7609
vn 0.5834 -0.0032 0.8122
vn 0.6496 0.0157 0.7601
vn 0.8400 0.0513 0.5401
vn 0.8400 0.0504 0.5402
vn 0.6465 0.0473 0.7615
vn 0.8932 0.0655 0.4449
vn 0.8990 0.0239 0.4373
vn 0.9939 -0.0527 0.0965
vn 0.9461 -0.0483 0.3202
vn 0.9923 0.0027 -0.1241
vn 0.9821 -0.0575 -0.1794
vn 0.9053 0.0204 0.4242
vn 0.8207 0.0021 0.5714
vn 0.7496 0.0572 0.6594
vn 0.9820 0.0099 0.1888
vn 0.9109 0.0461 0.4100
vn 0.8829 -0.0192 0.4692
vn 0.8398 0.0014 0.5428
vn 0.9250 -0.0035 0.3799
vn 0.9290 0.0009 0.3701
vn 0.9274 0.0098 0.3740
vn 0.9355 0.0369 0.3514
vn 0.8963 -0.0291 0.4426
vn 0.7748 0.1757 0.6073
vn 0.7709 0.2458 0.5876
vn 0.8089 0.0711 0.5837
vn 0.8441 0.2573 0.4704
vn 0.8594 0.3504 0.3723
vn 0.8786 0.3081 0.3650
vn 0.8993 0.2837 0.3328
vn 0.7429 0.1526 0.6518
vn 0.9357 -0.0229 0.3519
vn 0.9957 -0.0191 0.0902
vn 0.9991 -0.0257 0.0323
vn 0.9989 -0.0475 0.0048
vn 0.9947 -0.1026 0.0054
vn 0.9994 -0.0337 0.0071
vn 0.9877 -0.1523 -0.0368
vn 0.9879 -0.1507 -0.0362
vn 0.9887 -0.1463 -0.0312
vn 0.7982 0.3098 0.5165
vn 0.9073 0.3807 0.1785
vn 0.9322 0.0078 0.3619
vn 0.7712 0.0960 0.6293
vn 0.6344 0.1746 0.7530
vn 0.5617 0.1703 0.8097
vn 0.7431 0.1242 0.6576
vn 0.6264 0.3740 0.6839
vn 0.6442 0.3134 0.6977
vn 0.6251 0.3706 0.6869
vn 0.6850 0.2400 0.6879
vn 0.5383 0.3144 0.7819
vn 0.5701 0.3270 0.7537
vn 0.2876 0.4073 0.8668
vn 0.6029 0.3059 0.7369
vn -0.4262 -0.9046 0.0032
vn -0.4305 -0.9025 0.0096
vn -0.4088 -0.9122 0.0285
vn -0.4936 -0.8684 -0.0466
vn -0.5656 -0.8203 -0.0853
vn -0.6480 -0.7449 -0.1589
vn -0.7679 -0.6145 -0.1807
vn -0.5437 -0.8388 -0.0289
vn -0.7496 -0.5741 -0.3294
vn -0.9405 0.1604 0.2996
vn 0.3904 -0.2926 -0.8729
vn 0.3901 -0.2954 -0.8721
vn 0.3803 -0.3710 -0.8472
vn 0.3976 -0.2155 -0.8919
vn 0.0281 -0.0983 -0.9948
vn -0.0029 -0.0958 -0.9954
vn -0.0030 -0.0965 -0.9953
vn 0.0513 -0.0958 -0.9941
vn 0.9208 -0.0629 -0.3849
vn 0.5231 0.8522 -0.0124
vn 0.5530 0.8332 -0.0073
vn 0.5476 0.8347 0.0587
vn 0.5417 0.8398 -0.0366
vn 0.6389 0.7656 0.0759
vn 0.6772 0.7322 0.0731
vn 0.7975 0.4083 0.4441
vn 0.9301 0.2562 0.2633
vn 0.9936 0.0041 0.1129
vn 0.9524 -0.1875 0.2403
vn 0.7967 -0.1616 0.5824
vn 0.9414 -0.3280 0.0784
vn 0.1221 -0.0124 0.9924
vn -0.0639 0.0077 0.9979
vn -0.0862 0.0628 0.9943
vn -0.0861 0.0728 0.9936
vn 0.2195 -0.7323 0.6446
vn 0.1850 0.4682 0.8641
vn 0.1303 0.3908 0.9112
vn 0.2568 0.4054 0.8773
vn 0.3379 0.4372 0.8335
vn 0.2155 0.4016 0.8901
vn 0.1702 0.4780 0.8617
vn 0.3575 0.3984 0.8447
vn 0.0797 0.1448 0.9862
vn 0.2709 0.4592 0.8460
vn 0.2468 0.4339 0.8665
vn 0.2331 0.4193 0.8774
vn 0.2198 0.4052 0.8874
vn 0.1559 0.2292 0.9608
vn 0.1238 0.1647 0.9785
vn 0.1477 0.1608 0.9759
vn 0.0781 0.1753 0.9814
vn 0.1076 0.3835 0.9173
vn 0.1497 0.4231 0.8937
vn 0.2443 0.2545 0.9357
vn 0.1137 0.5882 0.8007
vn 0.4337 0.5277 0.7303
vn 0.0477 0.1635 0.9854
vn 0.1434 0.2066 0.9679
vn 0.0965 0.1652 0.9815
vn 0.4887 0.7876 0.3754
vn 0.4841 0.7981 0.3588
vn 0.4908 0.7827 0.3828
vn 0.8403 0.4835 -0.2452
vn 0.8639 0.4014 -0.3041
vn 0.7840 0.4628 -0.4136
vn 0.9046 0.4098 -0.1170
vn 0.9135 0.3994 0.0780
vn 0.9538 0.3004 -0.0010
vn 0.9684 0.2485 0.0208
vn 0.9480 0.2814 0.1484
vn 0.8835 0.4573 0.1015
vn 0.9031 0.4290 0.0189
vn 0.6436 0.7035 -0.3015
vn 0.7211 0.6684 0.1826
vn 0.6927 0.6402 -0.3321
vn 0.4796 0.8152 -0.3248
vn 0.5405 0.8098 -0.2282
vn 0.7285 0.6846 -0.0250
vn 0.5187 0.7977 0.3077
vn 0.2003 0.8588 0.4716
vn 0.2841 0.9338 -0.2177
vn 0.2556 0.9280 -0.2711
vn 0.3344 0.9048 0.2638
vn 0.2320 0.8730 0.4290
vn -0.9306 0.1812 0.3179
vn 0.0170 0.5247 -0.8511
vn 0.0163 0.5247 -0.8511
vn 0.0109 -0.5550 -0.8318
vn 0.0109 -0.5549 -0.8318
vn 0.0063 -0.7399 -0.6726
vn 0.0169 -0.1851 -0.9826
vn 0.0144 -0.1712 -0.9851
vn 0.0144 -0.1713 -0.9851
vn 0.0159 -0.5308 -0.8473
vn 0.0097 0.2069 -0.9783
vn 0.0281 0.5415 -0.8402
vn -0.0023 0.9952 -0.0978
vn 0.0280 0.8770 -0.4796
vn 0.0284 -0.9605 -0.2769
vn 0.0284 -0.9605 -0.2770
vn 1.0000 -0.0005 -0.0023
vn 1.0000 -0.0003 -0.0012
vn 1.0000 -0.0003 -0.0017
vn 1.0000 -0.0003 -0.0013
vn 1.0000 0.0006 -0.0022
vn 1.0000 0.0008 -0.0001
vn 1.0000 0.0007 -0.0007
vn 1.0000 0.0004 -0.0004
vn 1.0000 -0.0005 -0.0024
vn -0.0000 0.0219 -0.9998
vn 1.0000 -0.0002 -0.0007
vn 1.0000 -0.0002 -0.0009
vn 1.0000 -0.0002 -0.0006
vn 1.0000 -0.0002 -0.0010
vn 1.0000 -0.0000 -0.0006
vn 0.0001 0.9891 -0.1474
vn -0.0000 0.9960 -0.0897
vn -0.0000 0.4635 -0.8861
vn 1.0000 0.0004 -0.0006
vn 1.0000 0.0004 -0.0007
vn 1.0000 0.0004 -0.0005
vn 1.0000 0.0004 -0.0020
vn 1.0000 0.0005 -0.0018
vn 1.0000 0.0004 -0.0024
vn -0.3780 -0.8981 0.2248
vn -0.3780 -0.8981 0.2247
vn -0.3798 -0.9251 0.0018
vn -0.2932 -0.9560 0.0014
vn -0.0390 -0.4809 0.8759
vn 0.0180 0.0043 -0.9998
vn 0.0170 0.0043 -0.9998
vn -0.0459 -0.0611 -0.9971
vn 0.0148 -0.0818 -0.9965
vn -0.0042 0.0576 -0.9983
vn -0.0050 0.0625 -0.9980
vn -0.0410 -0.0231 -0.9989
vn 0.0165 0.0043 -0.9999
vn 0.0163 -0.0858 -0.9962
vn -0.0000 0.4632 0.8862
vn -0.4951 -0.8688 -0.0056
vn -0.4901 -0.8622 0.1283
vn -0.8951 -0.4460 -0.0023
vn -0.8883 -0.4542 0.0676
vn -0.0001 -0.9891 0.1473
vn -0.0000 -0.9891 0.1472
vn -0.9967 0.0812 0.0008
vn -0.9963 0.0846 -0.0126
vn -0.8952 0.4457 -0.0001
vn -0.8928 0.4455 -0.0662
vn -0.4916 -0.6102 -0.6212
vn -0.4952 -0.6995 -0.5153
vn -0.8970 -0.3097 -0.3154
vn -0.8951 -0.3594 -0.2640
vn -0.8951 -0.4233 -0.1399
vn -0.4955 -0.8236 -0.2760
vn -0.0001 -0.7008 -0.7134
vn 0.0000 -0.7008 -0.7134
vn -0.0000 -0.8866 -0.4625
vn -0.9967 0.0771 0.0254
vn -0.9967 0.0655 0.0481
vn -0.9968 0.0557 0.0568
vn -0.8953 0.4237 0.1376
vn -0.8953 0.3604 0.2619
vn -0.8930 0.3152 0.3212
vn -0.4947 -0.2631 -0.8283
vn -0.8951 -0.1355 -0.4247
vn -0.0000 -0.4451 -0.8955
vn -0.9938 -0.0334 -0.1061
vn -0.8950 0.1377 0.4242
vn -0.4917 0.4027 -0.7720
vn -0.4956 0.2739 -0.8242
vn -0.8971 0.2044 -0.3918
vn -0.8952 0.1400 -0.4232
vn -0.8951 0.0023 -0.4459
vn -0.4951 0.0078 -0.8688
vn 0.0000 0.4625 -0.8866
vn -0.0000 0.1656 -0.9862
vn -0.9938 -0.0002 -0.1113
vn -0.9938 0.0341 -0.1059
vn -0.9936 0.0521 -0.0999
vn -0.8952 0.0001 0.4456
vn -0.8950 -0.1380 0.4241
vn -0.8929 -0.2081 0.3993
vn -0.4955 -0.2738 0.8244
vn -0.4906 -0.1444 0.8593
vn -0.8951 -0.1399 0.4234
vn -0.8883 -0.0761 0.4529
vn -0.0001 -0.1656 0.9862
vn -0.0000 -0.1656 0.9862
vn -0.9938 -0.0353 0.1055
vn -0.9936 -0.0186 0.1111
vn -0.8952 0.1378 -0.4238
vn -0.8930 0.0745 -0.4438
vn -0.4962 -0.7056 0.5059
vn -0.8951 -0.3620 0.2602
vn -0.8950 -0.2640 0.3594
vn -0.4952 -0.5170 0.6982
vn 0.0001 -0.8955 0.4451
vn -0.0001 -0.7134 0.7008
vn -0.9938 -0.0652 0.0902
vn -0.9938 -0.0900 0.0656
vn -0.8952 0.2620 -0.3604
vn -0.8954 0.3602 -0.2618
vn -0.1205 0.8647 0.4876
vn -0.0666 0.8847 0.4615
vn -0.8952 0.3592 0.2639
vn -0.8883 0.4071 0.2124
vn 0.0000 0.8866 0.4625
vn -0.9938 0.0893 0.0663
vn -0.9936 0.0998 0.0520
vn -0.8952 -0.3606 -0.2619
vn -0.8950 -0.4242 -0.1380
vn -0.4947 0.2632 0.8283
vn -0.8952 0.1355 0.4247
vn -0.8951 0.2603 0.3621
vn -0.4954 0.5044 0.7072
vn 0.0001 0.1473 0.9891
vn -0.0000 0.4454 0.8953
vn -0.9967 -0.0475 -0.0660
vn -0.9967 -0.0247 -0.0774
vn -0.8952 -0.2620 -0.3605
vn -0.8950 -0.1377 -0.4242
vn -0.4962 0.7056 -0.5059
vn -0.8952 0.3618 -0.2601
vn 0.0000 0.7137 -0.7005
vn -0.9967 -0.0662 0.0472
vn -0.8951 -0.3608 0.2621
vn -0.4951 0.8688 0.0055
vn -0.8951 0.4458 0.0024
vn -0.8951 0.4248 -0.1355
vn -0.4947 0.8291 -0.2606
vn 0.0000 0.9891 -0.1473
vn -0.9967 -0.0774 0.0247
vn -0.9938 0.1113 -0.0002
vn -0.8950 -0.4242 0.1378
vn -0.8952 -0.4456 0.0001
vn -0.8344 0.0083 -0.5511
vn -0.8345 0.1783 -0.5214
vn 1.0000 0.0000 0.0000
vn -0.8341 0.3311 -0.4412
vn -0.8343 0.4509 -0.3172
vn -0.8344 -0.5511 -0.0084
vn -0.8345 -0.5214 -0.1784
vn -0.8341 0.4413 0.3310
vn -0.8343 0.3172 0.4509
vn -0.8345 -0.5256 0.1652
vn -0.8343 -0.4490 0.3199
vn -0.8345 0.5214 0.1783
vn -0.8343 -0.3172 -0.4509
vn -0.8345 -0.1622 -0.5266
vn -0.8344 -0.0083 0.5511
vn -0.8345 -0.1783 0.5214
vn -0.8345 0.5266 -0.1622
vn -0.8344 0.5511 0.0085
vn -0.8341 -0.4411 -0.3311
vn -0.8341 -0.3311 0.4412
vn -0.8345 0.1621 0.5266
vn -0.9470 0.3045 0.1019
vn -0.9463 0.2592 0.1930
vn -0.9478 0.1871 0.2583
vn -0.9469 0.1029 0.3046
vn -0.9459 -0.0024 0.3244
vn -0.9455 -0.1029 0.3089
vn -0.9462 -0.1950 0.2582
vn -0.9467 -0.2599 0.1905
vn -0.9461 -0.3097 0.0943
vn -0.9461 -0.3240 -0.0029
vn -0.9458 -0.3079 -0.1032
vn -0.9458 -0.2618 -0.1921
vn -0.9459 -0.1906 -0.2625
vn -0.9470 -0.0949 -0.3069
vn -0.9459 0.0063 -0.3245
vn -0.9459 0.1082 -0.3058
vn -0.9468 0.1919 -0.2582
vn -0.9469 0.2618 -0.1864
vn -0.9459 0.3078 -0.1028
vn -0.9458 0.3248 -0.0003
vn -0.6593 -0.7154 -0.2313
vn -0.6575 -0.6036 -0.4510
vn -0.6334 -0.4427 -0.6347
vn -0.6611 -0.2384 -0.7114
vn -0.6618 0.0032 -0.7497
vn -0.6784 0.2331 -0.6967
vn -0.6437 0.4547 -0.6155
vn -0.6506 0.6245 -0.4320
vn -0.6709 0.7043 -0.2318
vn -0.6620 0.7495 0.0063
vn -0.6725 0.7019 0.2347
vn -0.6610 0.6044 0.4446
vn -0.6665 0.4278 0.6105
vn -0.6433 0.2346 0.7288
vn -0.6567 -0.0019 0.7541
vn -0.6678 -0.2488 0.7016
vn -0.6549 -0.4540 0.6042
vn -0.6507 -0.6178 0.4415
vn -0.6720 -0.7043 0.2289
vn -0.6779 -0.7351 -0.0132
vn -1.0000 -0.0000 -0.0001
vn 0.0000 0.9481 0.3180
vn 1.0000 0.0000 0.0001
vn -0.0000 -0.9891 0.1473
vn -0.8950 0.1378 0.4242
vn -0.8951 0.1400 -0.4232
vn -0.0001 0.4625 -0.8866
vn -0.0000 -0.8954 0.4452
vn 0.0001 -0.7134 0.7008
vn -0.0666 0.8846 0.4615
vn 0.0000 0.1473 0.9891
vn -0.0000 0.4454 0.8954
vn -0.0000 0.9891 -0.1472
vn -0.8345 -0.5256 0.1653
vn -0.6620 0.7495 0.0062
vn -0.6725 0.7019 0.2348
vn -0.6678 -0.2488 0.7015
vn -0.6779 -0.7351 -0.0133
vn 0.4951 -0.8688 -0.0078
vn 0.8950 -0.4460 -0.0023
vn 0.4901 -0.8622 0.1283
vn 0.8883 -0.4542 0.0676
vn 0.9967 0.0812 0.0004
vn 0.9963 0.0846 -0.0126
vn 0.8952 0.4456 -0.0001
vn 0.8928 0.4455 -0.0662
vn 0.4916 -0.6102 -0.6212
vn 0.8970 -0.3097 -0.3154
vn 0.4952 -0.6995 -0.5153
vn 0.8951 -0.3594 -0.2640
vn 0.8951 -0.4233 -0.1399
vn 0.4954 -0.8244 -0.2738
vn 0.0001 -0.7008 -0.7134
vn 0.9967 0.0769 0.0258
vn 0.9967 0.0655 0.0481
vn 0.9968 0.0557 0.0568
vn 0.8953 0.4237 0.1376
vn 0.8953 0.3604 0.2619
vn 0.8930 0.3152 0.3212
vn 0.4947 -0.2605 -0.8291
vn 0.8951 -0.1355 -0.4247
vn 0.9938 -0.0346 -0.1057
vn 0.8950 0.1378 0.4242
vn 0.4917 0.4027 -0.7720
vn 0.8971 0.2044 -0.3918
vn 0.4956 0.2739 -0.8242
vn 0.8952 0.1400 -0.4232
vn 0.8951 0.0023 -0.4459
vn 0.4951 0.0057 -0.8688
vn 0.9938 0.0009 -0.1113
vn 0.9938 0.0341 -0.1059
vn 0.9936 0.0521 -0.0999
vn 0.8952 0.0001 0.4456
vn 0.8950 -0.1380 0.4241
vn 0.8929 -0.2081 0.3993
vn 0.4955 -0.2760 0.8236
vn 0.8951 -0.1399 0.4234
vn 0.4906 -0.1443 0.8593
vn 0.8883 -0.0761 0.4529
vn 0.9938 -0.0342 0.1059
vn 0.9936 -0.0187 0.1111
vn 0.8952 0.1378 -0.4238
vn 0.8930 0.0745 -0.4438
vn 0.4962 -0.7056 0.5059
vn 0.8951 -0.3620 0.2602
vn 0.8950 -0.2640 0.3594
vn 0.4952 -0.5153 0.6995
vn 0.0000 -0.8955 0.4451
vn 0.0000 -0.7134 0.7008
vn 0.9938 -0.0660 0.0896
vn 0.9938 -0.0900 0.0656
vn 0.8952 0.2620 -0.3604
vn 0.8954 0.3602 -0.2618
vn 0.1205 0.8647 0.4876
vn 0.8952 0.3592 0.2640
vn 0.0665 0.8847 0.4615
vn 0.8883 0.4072 0.2124
vn 0.0001 0.8866 0.4625
vn 0.9938 0.0901 0.0652
vn 0.9936 0.0998 0.0520
vn 0.8952 -0.3606 -0.2619
vn 0.8950 -0.4242 -0.1380
vn 0.4947 0.2632 0.8283
vn 0.8952 0.1355 0.4247
vn 0.8951 0.2603 0.3621
vn 0.4954 0.5060 0.7061
vn 0.9967 -0.0471 -0.0663
vn 0.9967 -0.0247 -0.0774
vn 0.8952 -0.2620 -0.3605
vn 0.8950 -0.1377 -0.4242
vn 0.4962 0.7070 -0.5038
vn 0.8952 0.3618 -0.2601
vn 0.0001 0.7137 -0.7005
vn 0.9967 -0.0660 0.0475
vn 0.8951 -0.3608 0.2621
vn 0.4951 0.8688 0.0055
vn 0.8951 0.4458 0.0024
vn 0.8951 0.4248 -0.1355
vn 0.4947 0.8283 -0.2631
vn 0.9967 -0.0775 0.0244
vn 0.9938 0.1113 -0.0002
vn 0.8950 -0.4242 0.1378
vn 0.8952 -0.4456 0.0001
vn 0.8344 0.0084 -0.5511
vn 0.8345 0.1783 -0.5214
vn -1.0000 0.0000 -0.0000
vn 0.8341 0.3312 -0.4412
vn 0.8343 0.4509 -0.3172
vn 0.8344 -0.5511 -0.0085
vn 0.8345 -0.5214 -0.1784
vn 0.8341 0.4413 0.3310
vn 0.8343 0.3171 0.4509
vn 0.8345 -0.5256 0.1653
vn 0.8343 -0.4490 0.3199
vn 0.8345 0.5214 0.1783
vn 0.8343 -0.3172 -0.4509
vn 0.8345 -0.1621 -0.5266
vn 0.8344 -0.0083 0.5511
vn 0.8344 -0.1783 0.5214
vn 0.8345 0.5266 -0.1622
vn 0.8344 0.5511 0.0084
vn 0.8341 -0.4412 -0.3311
vn 0.8341 -0.3311 0.4412
vn 0.8345 0.1621 0.5266
vn 0.9470 0.3034 0.1051
vn 0.9463 0.2593 0.1929
vn 0.9478 0.1831 0.2612
vn 0.9469 0.1029 0.3046
vn 0.9459 0.0028 0.3244
vn 0.9455 -0.1037 0.3086
vn 0.9462 -0.1976 0.2563
vn 0.9467 -0.2623 0.1870
vn 0.9462 -0.3087 0.0975
vn 0.9461 -0.3240 -0.0027
vn 0.9458 -0.3093 -0.0991
vn 0.9458 -0.2638 -0.1893
vn 0.9459 -0.1874 -0.2648
vn 0.9470 -0.0964 -0.3064
vn 0.9459 0.0019 -0.3245
vn 0.9459 0.1082 -0.3058
vn 0.9468 0.1966 -0.2547
vn 0.9469 0.2605 -0.1883
vn 0.9459 0.3078 -0.1028
vn 0.9458 0.3247 0.0042
vn 0.6593 -0.7154 -0.2314
vn 0.6575 -0.6036 -0.4509
vn 0.6334 -0.4426 -0.6347
vn 0.6611 -0.2384 -0.7114
vn 0.6618 0.0031 -0.7497
vn 0.6784 0.2332 -0.6967
vn 0.6437 0.4548 -0.6155
vn 0.6506 0.6245 -0.4320
vn 0.6710 0.7043 -0.2318
vn 0.6620 0.7495 0.0062
vn 0.6725 0.7019 0.2348
vn 0.6610 0.6044 0.4446
vn 0.6666 0.4278 0.6105
vn 0.6433 0.2346 0.7288
vn 0.6567 -0.0018 0.7541
vn 0.6678 -0.2488 0.7015
vn 0.6549 -0.4540 0.6041
vn 0.6507 -0.6178 0.4415
vn 0.6720 -0.7042 0.2289
vn 0.6779 -0.7350 -0.0133
vn 1.0000 -0.0000 -0.0001
vn -1.0000 0.0000 0.0001
vn 0.0001 -0.4451 -0.8955
vn 0.8951 0.1400 -0.4232
vn 0.0001 0.4625 -0.8866
vn 0.4955 -0.2759 0.8236
vn 0.0001 -0.1656 0.9862
vn 0.9936 -0.0186 0.1111
vn 0.8883 0.4071 0.2124
vn 0.9967 -0.0471 -0.0662
vn 0.9455 -0.1036 0.3087
vn 0.9467 -0.2624 0.1870
vn 0.6618 0.0031 -0.7496
vn -0.7732 0.0096 0.6340
vn 0.0232 0.0545 -0.9982
s 1
f 1/1/1 2/2/2 3/3/3
f 3/3/3 4/4/4 5/5/5
f 5/5/5 6/6/6 3/3/3
f 6/6/6 1/1/1 3/3/3
f 7/7/7 3/3/3 2/2/2
f 8/8/8 7/7/7 2/2/2
f 9/9/9 10/10/10 8/8/8
f 10/10/10 7/7/7 8/8/8
f 9/11/9 11/12/11 10/13/10
f 3/3/3 7/7/7 12/14/12
f 12/14/12 13/15/13 3/3/14
f 7/16/7 10/13/10 14/17/15
f 14/17/15 10/13/10 11/12/11
f 14/17/15 15/18/16 7/16/7
f 16/19/17 7/16/7 15/18/16
f 16/19/17 12/20/12 7/16/7
f 17/21/18 13/22/13 12/20/12
f 17/21/18 12/20/12 16/19/17
f 17/21/18 18/23/19 13/22/13
f 19/24/20 18/23/19 17/21/18
f 20/25/21 19/24/20 17/21/18
f 21/26/22 20/25/21 17/21/18
f 22/27/23 14/17/15 11/12/11
f 15/18/16 14/17/15 23/28/24
f 23/28/24 16/19/17 15/18/16
f 23/28/24 14/17/15 22/27/23
f 17/21/18 16/19/17 24/29/25
f 23/28/24 24/29/25 16/19/17
f 21/26/22 17/21/18 24/29/25
f 22/27/23 25/30/26 23/28/24
f 25/30/26 26/31/27 23/28/24
f 24/29/25 23/28/24 26/31/27
f 27/32/28 24/29/25 26/31/27
f 21/26/22 24/29/25 27/32/28
f 28/33/29 20/25/21 21/26/22
f 28/33/29 21/26/22 27/32/28
f 29/34/30 20/25/21 28/33/29
f 29/34/30 30/35/31 20/25/21
f 30/35/31 31/36/32 20/25/21
f 32/37/33 31/36/32 30/35/31
f 33/38/34 32/37/33 34/39/35
f 33/38/34 35/40/36 32/37/33
f 35/40/36 36/41/37 32/37/33
f 32/37/33 36/41/37 37/42/38
f 38/43/39 31/36/32 32/37/33
f 32/37/33 37/42/38 38/43/39
f 36/41/37 35/40/36 39/44/40
f 39/44/40 40/45/41 36/41/37
f 19/24/20 20/25/21 31/36/32
f 19/24/20 31/36/32 38/43/39
f 41/46/42 19/24/20 38/43/39
f 41/46/42 18/23/19 19/24/20
f 41/46/42 38/43/39 37/42/38
f 37/42/38 36/41/37 41/46/42
f 42/47/43 43/48/44 44/49/45
f 45/50/46 42/47/43 44/49/45
f 46/51/47 47/52/48 48/53/49
f 49/54/50 46/51/47 48/53/49
f 50/55/51 49/54/50 48/53/49
f 51/56/52 50/55/51 48/53/49
f 52/57/53 53/58/54 54/59/55
f 52/57/53 54/59/55 47/52/48
f 55/60/56 54/59/55 53/58/54
f 54/59/55 55/60/56 56/61/57
f 48/53/49 54/59/55 57/62/58
f 56/61/57 57/62/58 54/59/55
f 57/62/58 56/61/57 58/63/59
f 58/63/59 59/64/60 57/62/58
f 60/65/61 59/64/60 58/63/59
f 58/63/59 61/66/62 60/65/61
f 13/15/13 18/67/19 3/3/14
f 55/60/56 18/67/19 41/68/42
f 41/68/42 56/61/57 55/60/56
f 36/41/37 58/63/59 56/61/57
f 56/61/57 41/68/42 36/41/37
f 40/45/41 61/66/62 58/63/59
f 58/63/59 36/41/37 40/45/41
f 40/45/41 62/69/63 61/66/62
f 62/69/63 63/70/64 64/71/65
f 62/69/63 64/71/65 65/72/66
f 65/72/66 61/66/62 62/69/63
f 66/73/67 63/70/64 62/69/63
f 67/74/68 68/75/69 63/70/64
f 66/73/67 67/74/68 63/70/64
f 69/76/70 70/77/70 68/75/69
f 3/3/3 71/78/71 4/4/4
f 3/3/14 55/60/56 71/78/72
f 55/60/56 72/79/73 71/78/72
f 55/60/56 53/58/54 72/79/73
f 51/56/52 48/53/49 73/80/74
f 73/80/74 42/47/43 51/56/52
f 73/80/74 43/48/44 42/47/43
f 48/53/49 57/62/58 73/80/74
f 60/65/75 61/66/76 65/72/77
f 60/65/75 65/72/77 64/71/78
f 74/81/79 60/65/75 64/71/78
f 74/81/79 64/71/78 63/70/80
f 74/81/79 63/70/80 68/75/81
f 68/75/81 70/77/82 74/81/79
f 40/45/41 39/44/40 75/82/83
f 75/82/83 62/69/63 40/45/41
f 75/82/83 39/44/84 35/40/85
f 35/40/85 76/83/86 75/82/83
f 35/40/85 33/38/87 76/83/86
f 75/82/83 66/73/67 62/69/63
f 77/84/88 78/85/89 79/86/90
f 77/84/88 79/86/90 80/87/91
f 80/87/91 81/88/92 77/84/88
f 82/89/93 66/73/94 75/82/95
f 75/82/95 76/83/96 82/89/93
f 83/90/97 84/91/98 79/86/90
f 83/90/97 79/86/90 85/92/99
f 83/90/97 85/92/99 86/93/100
f 83/90/97 86/93/100 69/76/101
f 83/90/97 69/76/101 87/94/102
f 83/90/97 87/94/102 67/74/103
f 82/89/93 88/95/104 67/74/103
f 67/74/103 66/73/94 82/89/93
f 89/96/105 80/87/91 79/86/90
f 90/97/106 89/96/105 79/86/90
f 84/91/98 90/97/106 79/86/90
f 91/98/107 83/90/97 67/74/103
f 92/99/108 91/98/107 67/74/103
f 88/95/104 92/99/108 67/74/103
f 79/86/109 78/85/109 93/100/109
f 93/100/109 94/101/110 79/86/109
f 85/92/111 79/86/109 94/101/110
f 86/93/112 85/92/111 94/101/110
f 69/76/70 86/93/112 94/101/110
f 70/77/70 69/76/70 94/101/110
f 95/102/113 70/77/113 94/101/114
f 96/103/115 60/65/116 95/102/113
f 60/65/116 74/81/117 95/102/113
f 74/81/117 70/77/113 95/102/113
f 97/104/118 98/105/119 44/49/45
f 44/49/45 43/48/44 97/104/118
f 99/106/120 97/104/118 43/48/44
f 43/48/44 73/80/74 99/106/120
f 99/106/120 73/80/74 100/107/121
f 100/107/121 97/104/118 99/106/120
f 60/65/61 96/103/115 59/64/60
f 101/108/122 59/64/60 96/103/115
f 96/103/115 102/109/123 101/108/122
f 101/108/122 103/110/124 104/111/124
f 57/62/58 59/64/60 101/108/122
f 73/80/74 57/62/58 105/112/125
f 101/108/122 105/112/125 57/62/58
f 73/80/74 105/112/125 100/107/121
f 95/102/126 94/101/127 93/100/128
f 106/113/129 107/114/130 102/109/131
f 106/113/129 102/109/131 96/103/132
f 96/103/132 95/102/126 93/100/128
f 108/115/133 106/113/129 96/103/132
f 93/100/128 108/115/133 96/103/132
f 109/116/134 110/117/135 111/118/136
f 112/119/137 109/116/134 111/118/136
f 111/118/136 113/120/138 114/121/139
f 114/121/139 112/119/137 111/118/136
f 111/118/136 115/122/140 113/120/138
f 116/123/141 111/118/136 110/117/135
f 117/124/142 116/123/141 110/117/135
f 117/124/142 110/117/135 118/125/143
f 117/124/142 118/125/143 119/126/144
f 120/127/145 121/128/146 117/124/142
f 122/129/147 120/127/145 117/124/142
f 117/124/142 119/126/144 122/129/147
f 100/107/121 117/124/142 121/128/146
f 123/130/148 124/131/149 100/107/121
f 125/132/150 100/107/121 121/128/146
f 125/132/150 123/130/148 100/107/121
f 97/104/118 100/107/121 124/131/149
f 98/105/119 97/104/118 124/131/149
f 111/118/136 126/133/151 115/122/140
f 126/133/151 127/134/152 115/122/140
f 117/124/142 128/135/153 116/123/141
f 100/107/121 128/135/153 117/124/142
f 116/123/141 128/135/153 129/136/154
f 129/136/154 130/137/155 116/123/141
f 100/107/121 105/112/125 128/135/153
f 105/112/125 101/108/122 128/135/153
f 101/108/122 129/136/154 128/135/153
f 131/138/156 130/137/155 129/136/154
f 101/108/122 104/111/124 129/136/154
f 132/139/157 131/138/156 129/136/154
f 129/136/154 104/111/124 132/139/157
f 133/140/158 126/133/151 134/141/159
f 133/140/158 135/142/160 126/133/151
f 111/118/136 116/123/141 136/143/161
f 126/133/151 111/118/136 136/143/161
f 136/143/161 134/141/159 126/133/151
f 116/123/141 130/137/155 136/143/161
f 108/115/162 93/100/109 78/85/109
f 108/115/162 78/85/109 137/144/163
f 106/113/164 108/115/162 137/144/163
f 107/114/165 106/113/164 137/144/163
f 107/114/165 137/144/163 132/139/157
f 107/114/165 132/139/157 104/111/124
f 138/145/166 102/146/167 139/147/168
f 138/145/166 139/147/168 140/148/169
f 141/149/170 138/145/166 140/148/169
f 141/149/170 140/148/169 142/150/171
f 143/151/172 141/149/170 142/150/171
f 144/152/173 143/151/172 142/150/171
f 142/150/171 145/153/174 144/152/173
f 146/154/175 139/155/175 102/156/175
f 141/157/176 143/158/177 147/159/178
f 141/157/176 147/159/178 148/160/179
f 149/161/180 103/162/181 102/163/182
f 149/161/180 102/163/182 138/164/183
f 148/160/179 149/161/180 138/164/183
f 138/164/183 141/165/176 148/160/179
f 103/110/124 146/166/184 104/111/124
f 146/154/185 103/162/186 149/161/187
f 150/167/188 146/154/185 149/161/187
f 151/168/189 150/167/188 149/161/187
f 151/168/189 149/161/187 148/160/190
f 152/169/191 151/168/189 148/160/190
f 153/170/192 152/169/191 148/160/190
f 148/160/190 147/159/193 153/170/192
f 144/171/194 152/169/191 153/170/192
f 144/171/194 145/172/195 152/169/191
f 147/159/193 143/158/196 153/170/192
f 143/158/196 144/171/194 153/170/192
f 152/169/191 145/172/195 142/173/197
f 151/168/189 152/169/191 142/173/197
f 151/174/189 142/150/197 140/148/198
f 140/148/198 139/147/199 151/174/189
f 139/147/199 150/175/200 151/174/189
f 107/114/201 146/166/201 102/109/201
f 146/166/184 107/114/165 104/111/124
f 81/88/202 154/176/203 155/177/204
f 77/84/205 81/88/202 155/177/204
f 78/85/206 77/84/205 155/177/204
f 137/178/207 78/85/206 155/177/204
f 137/178/207 156/179/208 157/180/209
f 157/180/209 132/181/157 137/178/207
f 157/180/209 131/182/156 132/181/157
f 135/183/210 133/184/211 158/185/212
f 133/184/211 134/186/213 158/185/212
f 159/187/214 160/188/215 161/189/216
f 159/187/214 162/190/217 163/191/218
f 159/187/214 163/191/218 164/192/219
f 159/187/214 164/192/219 165/193/220
f 159/187/214 165/193/220 166/194/221
f 167/195/222 159/187/214 166/194/221
f 167/195/222 166/194/221 168/196/223
f 169/197/224 167/195/222 168/196/223
f 169/197/224 168/196/223 170/198/225
f 171/199/226 159/187/214 167/195/222
f 171/199/226 157/200/209 159/187/214
f 159/187/214 157/200/209 160/188/215
f 167/195/222 172/201/227 158/185/212
f 173/202/228 171/199/226 167/195/222
f 167/195/222 158/185/212 173/202/228
f 171/199/226 173/202/228 134/186/213
f 173/202/228 158/185/212 134/186/213
f 130/203/229 157/200/209 171/199/226
f 130/203/229 131/204/156 157/200/209
f 134/186/213 136/205/230 171/199/226
f 136/205/230 130/203/229 171/199/226
f 159/187/214 161/189/216 174/206/231
f 159/187/214 174/206/231 162/190/217
f 158/185/232 175/207/233 176/208/234
f 176/208/234 135/183/160 158/185/232
f 135/142/160 176/209/234 127/134/152
f 127/134/152 126/133/151 135/142/160
f 177/210/235 178/211/236 179/212/237
f 177/210/235 179/212/237 180/213/238
f 181/214/239 180/213/238 182/215/240
f 181/214/239 182/215/240 183/216/241
f 183/216/241 184/217/242 181/214/239
f 181/214/239 185/218/243 180/213/238
f 186/219/244 177/210/235 180/213/238
f 180/213/238 185/218/243 186/219/244
f 115/122/140 181/214/239 184/217/242
f 184/217/242 113/120/138 115/122/140
f 181/214/239 115/122/140 127/134/152
f 185/218/243 181/214/239 127/134/152
f 186/219/244 187/220/245 177/210/235
f 187/220/245 178/211/236 177/210/235
f 127/134/152 176/209/234 185/218/243
f 176/209/234 188/221/246 185/218/243
f 187/222/245 189/223/247 178/224/236
f 187/222/245 190/225/248 189/223/247
f 191/226/249 190/225/248 187/222/245
f 188/227/246 191/226/249 192/228/250
f 191/226/249 187/222/245 192/228/250
f 192/229/250 186/219/244 185/218/243
f 185/218/243 188/221/246 192/229/250
f 186/219/244 192/229/250 187/220/245
f 176/208/234 193/230/251 188/227/246
f 193/230/251 191/226/249 188/227/246
f 175/207/233 193/230/251 176/208/234
f 175/207/233 194/231/252 193/230/251
f 194/231/252 195/232/253 193/230/251
f 191/226/249 195/232/253 190/225/248
f 195/232/253 191/226/249 193/230/251
f 195/232/253 196/233/254 190/225/248
f 158/185/232 194/231/252 175/207/233
f 172/201/255 194/231/252 158/185/232
f 197/234/256 194/231/252 198/235/257
f 197/234/256 199/236/258 195/232/253
f 199/236/258 196/233/254 195/232/253
f 198/235/257 172/201/255 169/197/259
f 169/197/259 170/198/260 198/235/257
f 139/155/175 146/154/175 150/167/261
f 2/237/262 1/238/262 200/239/262
f 201/240/263 4/241/263 202/242/263
f 6/243/264 5/244/264 201/240/263
f 1/238/262 6/243/264 200/239/262
f 8/245/265 2/237/262 203/246/265
f 9/247/266 8/245/265 203/246/265
f 42/248/267 204/249/267 205/250/268
f 206/251/269 46/252/270 207/253/270
f 207/253/270 50/254/271 208/255/271
f 209/256/272 52/257/272 206/251/269
f 4/241/263 71/258/273 202/242/263
f 71/258/273 72/259/274 202/242/263
f 208/255/271 42/248/267 205/250/268
f 210/260/275 109/261/276 211/262/276
f 212/263/277 211/262/276 114/264/277
f 210/260/275 213/265/278 118/266/278
f 214/267/279 122/268/279 213/265/278
f 215/269/280 123/270/280 216/271/280
f 214/267/279 216/271/280 121/272/281
f 98/273/282 215/269/280 217/274/282
f 218/275/283 179/276/284 219/277/285
f 218/275/283 220/278/286 182/279/287
f 113/280/288 184/281/289 212/263/277
f 204/282/290 203/283/291 205/284/291
f 200/285/292 205/284/291 203/283/291
f 215/286/293 219/287/285 217/288/294
f 218/289/283 216/290/295 220/291/286
f 221/292/296 203/283/291 204/282/290
f 72/259/274 53/293/297 209/256/272
f 53/293/297 52/257/272 209/256/272
f 52/257/272 47/294/298 206/251/269
f 47/294/298 46/252/270 206/251/269
f 46/252/270 49/295/299 207/253/270
f 49/295/299 50/254/271 207/253/270
f 50/254/271 51/296/300 208/255/271
f 51/296/300 42/248/267 208/255/271
f 42/248/267 45/297/267 204/249/267
f 202/242/263 72/259/274 209/256/272
f 201/240/263 200/239/262 6/243/264
f 200/239/262 203/246/265 2/237/262
f 9/247/266 203/246/265 221/298/266
f 5/244/264 4/241/263 201/240/263
f 208/299/301 205/284/291 201/300/302
f 201/300/302 205/284/291 200/285/292
f 208/299/301 201/300/302 202/301/303
f 207/302/303 202/301/303 209/303/301
f 208/299/301 202/301/303 207/302/303
f 207/302/303 209/303/301 206/304/304
f 98/273/282 124/305/282 215/269/280
f 124/305/282 123/270/280 215/269/280
f 123/270/280 125/306/305 216/271/280
f 125/306/305 121/272/281 216/271/280
f 121/272/281 120/307/306 214/267/279
f 120/307/306 122/268/279 214/267/279
f 122/268/279 119/308/307 213/265/278
f 119/308/307 118/266/278 213/265/278
f 118/266/278 110/309/308 210/260/275
f 110/309/308 109/261/276 210/260/275
f 109/261/276 112/310/309 211/262/276
f 112/310/309 114/264/277 211/262/276
f 114/264/277 113/280/288 212/263/277
f 220/278/286 212/263/277 184/281/289
f 184/281/289 183/311/310 220/278/286
f 183/311/310 182/279/287 220/278/286
f 182/279/287 180/312/311 218/275/283
f 180/312/311 179/276/284 218/275/283
f 218/289/283 219/287/285 215/286/293
f 218/289/283 215/286/293 216/290/295
f 220/291/286 214/313/312 212/314/277
f 220/291/286 216/290/295 214/313/312
f 212/314/277 213/315/313 211/316/276
f 212/314/277 214/313/312 213/315/313
f 211/316/314 213/315/314 210/317/314
f 160/188/315 157/200/316 156/318/315
f 161/189/317 160/188/315 156/318/315
f 174/206/318 161/189/317 156/318/315
f 174/206/318 156/318/315 162/190/319
f 162/190/319 156/318/315 222/319/320
f 163/191/321 162/190/319 222/319/320
f 98/320/322 217/321/322 44/322/322
f 204/323/323 45/324/323 44/322/323
f 44/322/324 217/321/324 204/323/324
f 11/325/325 9/326/325 221/327/325
f 22/328/326 11/325/326 221/327/326
f 22/328/327 221/327/328 25/329/329
f 219/330/285 179/331/284 178/332/330
f 219/330/285 178/332/330 189/333/331
f 219/330/285 189/333/331 190/334/332
f 219/330/285 196/335/333 199/336/334
f 217/321/294 219/330/285 199/336/334
f 204/323/335 217/321/294 199/336/334
f 221/327/328 204/323/335 25/329/329
f 25/329/329 204/323/335 199/336/334
f 102/109/123 103/110/124 101/108/122
f 223/337/336 224/338/337 225/339/338
f 224/338/337 226/340/339 227/341/340
f 226/340/339 224/338/337 228/342/341
f 228/342/341 224/338/337 223/337/336
f 229/343/342 225/339/338 224/338/337
f 230/344/343 225/339/338 229/343/342
f 231/345/344 230/344/343 232/346/345
f 232/346/345 230/344/343 229/343/342
f 231/347/344 232/348/345 233/349/346
f 224/338/337 234/350/347 229/343/342
f 234/350/347 224/338/337 235/351/348
f 229/352/342 236/353/349 232/348/345
f 236/353/349 233/349/346 232/348/345
f 236/353/349 229/352/342 237/354/350
f 238/355/351 237/354/350 229/352/342
f 238/355/351 229/352/342 234/356/347
f 239/357/352 234/356/347 235/358/348
f 239/357/352 238/355/351 234/356/347
f 239/357/352 235/358/348 240/359/353
f 241/360/354 239/357/352 240/359/353
f 242/361/355 239/357/352 241/360/354
f 243/362/356 239/357/352 242/361/355
f 244/363/357 233/349/346 236/353/349
f 237/354/350 245/364/358 236/353/349
f 245/364/358 237/354/350 238/355/351
f 245/364/358 244/363/357 236/353/349
f 239/357/352 246/365/359 238/355/351
f 245/364/358 238/355/351 246/365/359
f 243/362/356 246/365/359 239/357/352
f 244/363/357 245/364/358 25/30/26
f 25/30/26 245/364/358 26/31/27
f 246/365/359 26/31/27 245/364/358
f 27/32/28 26/31/27 246/365/359
f 243/362/356 27/32/28 246/365/359
f 28/33/29 243/362/356 242/361/355
f 28/33/29 27/32/28 243/362/356
f 29/34/30 28/33/29 242/361/355
f 29/34/30 242/361/355 30/35/31
f 30/35/31 242/361/355 247/366/360
f 248/367/361 30/35/31 247/366/360
f 33/38/34 34/39/35 248/367/361
f 33/38/34 248/367/361 249/368/362
f 249/368/362 248/367/361 250/369/363
f 248/367/361 251/370/364 250/369/363
f 252/371/365 248/367/361 247/366/360
f 248/367/361 252/371/365 251/370/364
f 250/369/363 253/372/366 249/368/362
f 253/372/366 250/369/363 254/373/367
f 241/360/354 247/366/360 242/361/355
f 241/360/354 252/371/365 247/366/360
f 255/374/368 252/371/365 241/360/354
f 255/374/368 241/360/354 240/359/353
f 255/374/368 251/370/364 252/371/365
f 251/370/364 255/374/368 250/369/363
f 256/375/369 257/376/370 258/377/371
f 259/378/372 257/376/370 256/375/369
f 260/379/373 261/380/374 262/381/375
f 263/382/376 261/380/374 260/379/373
f 264/383/377 261/380/374 263/382/376
f 265/384/378 261/380/374 264/383/377
f 266/385/379 267/386/380 268/387/381
f 266/385/379 262/381/375 267/386/380
f 269/388/382 268/387/381 267/386/380
f 267/386/380 270/389/383 269/388/382
f 271/390/384 267/386/380 261/380/374
f 270/389/383 267/386/380 271/390/384
f 271/390/384 272/391/385 270/389/383
f 272/391/385 271/390/384 273/392/386
f 274/393/387 272/391/385 273/392/386
f 272/391/385 274/393/387 275/394/388
f 224/338/337 269/388/382 240/395/353
f 269/388/382 255/396/368 240/395/353
f 255/396/368 269/388/382 270/389/383
f 250/369/363 270/389/383 272/391/385
f 270/389/383 250/369/363 255/396/368
f 254/373/367 272/391/385 275/394/388
f 272/391/385 254/373/367 250/369/363
f 254/373/367 275/394/388 276/397/389
f 276/397/389 277/398/390 278/399/391
f 276/397/389 279/400/392 277/398/390
f 279/400/392 276/397/389 275/394/388
f 280/401/393 276/397/389 278/399/391
f 281/402/394 282/403/395 283/404/396
f 280/401/393 278/399/391 284/405/397
f 281/402/394 283/404/396 285/406/398
f 224/338/337 227/341/340 286/407/399
f 224/338/337 286/407/400 269/388/382
f 269/388/382 286/407/400 287/408/401
f 269/388/382 287/408/401 268/387/381
f 265/384/378 288/409/402 261/380/374
f 288/409/402 265/384/378 256/375/369
f 288/409/402 256/375/369 258/377/371
f 261/380/374 288/409/402 271/390/384
f 274/393/403 279/400/404 275/394/405
f 274/393/403 277/398/406 279/400/404
f 289/410/407 277/398/406 274/393/403
f 289/410/407 278/399/408 277/398/406
f 289/410/407 283/404/409 278/399/408
f 283/404/409 289/410/407 285/406/410
f 254/373/367 290/411/411 253/372/366
f 290/411/411 254/373/367 276/397/389
f 290/411/411 249/368/412 253/372/413
f 249/368/412 290/411/411 76/83/86
f 249/368/412 76/83/86 33/38/87
f 290/411/411 276/397/389 280/401/393
f 291/412/414 292/413/415 293/414/416
f 291/412/414 80/87/91 292/413/415
f 80/87/91 291/412/414 81/88/92
f 82/89/93 290/411/417 280/401/418
f 290/411/417 82/89/93 76/83/96
f 83/90/97 292/413/415 84/91/98
f 83/90/97 294/415/419 292/413/415
f 83/90/97 295/416/420 294/415/419
f 83/90/97 281/402/421 295/416/420
f 83/90/97 282/403/422 281/402/421
f 83/90/97 284/405/423 282/403/422
f 82/89/93 284/405/423 88/95/104
f 284/405/423 82/89/93 280/401/418
f 89/96/105 292/413/415 80/87/91
f 90/97/106 292/413/415 89/96/105
f 84/91/98 292/413/415 90/97/106
f 91/98/107 284/405/423 83/90/97
f 92/99/108 284/405/423 91/98/107
f 88/95/104 284/405/423 92/99/108
f 292/413/424 296/417/424 293/414/424
f 296/417/424 292/413/424 297/418/425
f 294/415/426 297/418/425 292/413/424
f 295/416/427 297/418/425 294/415/426
f 281/402/394 297/418/425 295/416/427
f 285/406/398 297/418/425 281/402/394
f 298/419/428 297/418/429 285/406/429
f 299/420/430 298/419/428 274/393/431
f 274/393/431 298/419/428 289/410/432
f 289/410/432 298/419/428 285/406/429
f 300/421/433 257/376/370 301/422/434
f 257/376/370 300/421/433 258/377/371
f 302/423/435 258/377/371 300/421/433
f 258/377/371 302/423/435 288/409/402
f 302/423/435 303/424/436 288/409/402
f 303/424/436 302/423/435 300/421/433
f 274/393/387 273/392/386 299/420/430
f 304/425/437 299/420/430 273/392/386
f 299/420/430 304/425/437 305/426/438
f 304/425/437 306/427/439 307/428/439
f 271/390/384 304/425/437 273/392/386
f 288/409/402 308/429/440 271/390/384
f 304/425/437 271/390/384 308/429/440
f 288/409/402 303/424/436 308/429/440
f 298/419/441 296/417/442 297/418/443
f 309/430/444 305/426/445 310/431/446
f 309/430/444 299/420/447 305/426/445
f 299/420/447 296/417/442 298/419/441
f 311/432/448 299/420/447 309/430/444
f 296/417/442 299/420/447 311/432/448
f 312/433/449 313/434/450 314/435/451
f 315/436/452 313/434/450 312/433/449
f 313/434/450 316/437/453 317/438/454
f 316/437/453 313/434/450 315/436/452
f 313/434/450 317/438/454 318/439/455
f 319/440/456 314/435/451 313/434/450
f 320/441/457 314/435/451 319/440/456
f 320/441/457 321/442/458 314/435/451
f 320/441/457 322/443/459 321/442/458
f 323/444/460 320/441/457 324/445/461
f 325/446/462 320/441/457 323/444/460
f 320/441/457 325/446/462 322/443/459
f 303/424/436 324/445/461 320/441/457
f 326/447/463 303/424/436 327/448/464
f 328/449/465 324/445/461 303/424/436
f 328/449/465 303/424/436 326/447/463
f 300/421/433 327/448/464 303/424/436
f 301/422/434 327/448/464 300/421/433
f 313/434/450 318/439/455 329/450/466
f 329/450/466 318/439/455 330/451/467
f 320/441/457 319/440/456 331/452/468
f 303/424/436 320/441/457 331/452/468
f 319/440/456 332/453/469 331/452/468
f 332/453/469 319/440/456 333/454/470
f 303/424/436 331/452/468 308/429/440
f 308/429/440 331/452/468 304/425/437
f 304/425/437 331/452/468 332/453/469
f 334/455/471 332/453/469 333/454/470
f 304/425/437 332/453/469 306/427/439
f 335/456/472 332/453/469 334/455/471
f 332/453/469 335/456/472 306/427/439
f 336/457/473 337/458/474 329/450/466
f 336/457/473 329/450/466 338/459/475
f 313/434/450 339/460/476 319/440/456
f 329/450/466 339/460/476 313/434/450
f 339/460/476 329/450/466 337/458/474
f 319/440/456 339/460/476 333/454/470
f 311/432/477 293/414/424 296/417/424
f 311/432/477 340/461/478 293/414/424
f 309/430/479 340/461/478 311/432/477
f 310/431/480 340/461/478 309/430/479
f 310/431/480 335/456/472 340/461/478
f 310/431/480 306/427/439 335/456/472
f 341/462/481 342/463/482 305/464/483
f 341/462/481 343/465/484 342/463/482
f 344/466/485 343/465/484 341/462/481
f 344/466/485 345/467/486 343/465/484
f 346/468/487 345/467/486 344/466/485
f 347/469/488 345/467/486 346/468/487
f 345/467/486 347/469/488 348/470/489
f 349/471/490 305/472/490 342/473/490
f 344/474/491 350/475/492 346/476/493
f 344/474/491 351/477/494 350/475/492
f 352/478/495 305/479/496 307/480/497
f 352/478/495 341/481/498 305/479/496
f 351/477/494 341/481/498 352/478/495
f 341/481/498 351/477/494 344/482/491
f 307/428/439 306/427/439 349/483/499
f 349/471/500 352/478/501 307/480/502
f 353/484/503 352/478/501 349/471/500
f 354/485/504 352/478/501 353/484/503
f 354/485/504 351/477/505 352/478/501
f 355/486/506 351/477/505 354/485/504
f 356/487/507 351/477/505 355/486/506
f 351/477/505 356/487/507 350/475/508
f 347/488/509 356/487/507 355/486/506
f 347/488/509 355/486/506 348/489/510
f 350/475/508 356/487/507 346/476/511
f 346/476/511 356/487/507 347/488/509
f 355/486/506 345/490/512 348/489/510
f 354/485/504 345/490/512 355/486/506
f 354/491/504 343/465/513 345/467/512
f 343/465/513 354/491/504 342/463/514
f 342/463/514 354/491/504 353/492/515
f 310/431/480 305/426/516 349/483/499
f 349/483/499 306/427/439 310/431/480
f 81/88/202 357/493/517 154/176/203
f 291/412/518 357/493/517 81/88/202
f 293/414/519 357/493/517 291/412/518
f 340/494/520 357/493/517 293/414/519
f 340/494/520 358/495/521 359/496/522
f 358/495/521 340/494/520 335/497/523
f 358/495/521 335/497/523 334/498/524
f 338/499/525 360/500/526 336/501/527
f 336/501/527 360/500/526 337/502/528
f 361/503/529 362/504/530 363/505/531
f 361/503/529 163/191/218 364/506/532
f 361/503/529 164/192/219 163/191/218
f 361/503/529 165/193/220 164/192/219
f 361/503/529 166/194/221 165/193/220
f 365/507/533 166/194/221 361/503/529
f 365/507/533 168/196/223 166/194/221
f 168/196/223 365/507/533 366/508/534
f 170/198/225 168/196/223 366/508/534
f 367/509/535 365/507/533 361/503/529
f 367/509/535 361/503/529 358/510/521
f 361/503/529 363/505/531 358/510/521
f 365/507/533 360/500/526 368/511/536
f 369/512/537 365/507/533 367/509/535
f 365/507/533 369/512/537 360/500/526
f 367/509/535 337/502/528 369/512/537
f 369/512/537 337/502/528 360/500/526
f 333/513/538 367/509/535 358/510/521
f 333/513/538 358/510/521 334/514/524
f 337/502/528 367/509/535 339/515/539
f 339/515/539 367/509/535 333/513/538
f 361/503/529 370/516/540 362/504/530
f 361/503/529 364/506/532 370/516/540
f 360/500/541 371/517/542 372/518/543
f 371/517/542 360/500/541 338/499/475
f 338/459/475 330/451/467 371/519/542
f 330/451/467 338/459/475 329/450/466
f 373/520/544 374/521/545 375/522/546
f 373/520/544 376/523/547 374/521/545
f 377/524/548 378/525/549 376/523/547
f 377/524/548 379/526/550 378/525/549
f 379/526/550 377/524/548 380/527/551
f 377/524/548 376/523/547 381/528/552
f 382/529/553 376/523/547 373/520/544
f 376/523/547 382/529/553 381/528/552
f 318/439/455 380/527/551 377/524/548
f 380/527/551 318/439/455 317/438/454
f 377/524/548 330/451/467 318/439/455
f 381/528/552 330/451/467 377/524/548
f 382/529/553 373/520/544 383/530/554
f 383/530/554 373/520/544 375/522/546
f 330/451/467 381/528/552 371/519/542
f 371/519/542 381/528/552 384/531/555
f 383/532/554 375/533/546 385/534/556
f 383/532/554 385/534/556 386/535/557
f 387/536/558 383/532/554 386/535/557
f 384/537/555 388/538/559 387/536/558
f 387/536/558 388/538/559 383/532/554
f 388/539/559 381/528/552 382/529/553
f 381/528/552 388/539/559 384/531/555
f 382/529/553 383/530/554 388/539/559
f 371/517/542 384/537/555 389/540/560
f 389/540/560 384/537/555 387/536/558
f 372/518/543 371/517/542 389/540/560
f 372/518/543 389/540/560 390/541/561
f 390/541/561 389/540/560 391/542/562
f 387/536/558 386/535/557 391/542/562
f 391/542/562 389/540/560 387/536/558
f 391/542/562 386/535/557 392/543/563
f 360/500/541 372/518/543 390/541/561
f 368/511/564 390/541/561 198/235/257
f 197/234/256 198/235/257 390/541/561
f 197/234/256 391/542/562 199/236/258
f 199/236/258 391/542/562 392/543/563
f 366/508/565 368/511/564 198/235/257
f 366/508/565 198/235/257 170/198/260
f 342/473/490 353/484/566 349/471/490
f 225/544/262 393/545/262 223/546/262
f 394/547/567 395/548/568 227/549/567
f 228/550/264 394/547/567 226/551/264
f 223/546/262 393/545/262 228/550/264
f 230/552/265 396/553/265 225/544/262
f 231/554/266 396/553/265 230/552/265
f 256/555/267 397/556/267 398/557/267
f 399/558/569 400/559/570 260/560/570
f 400/559/570 401/561/571 264/562/571
f 402/563/572 399/558/569 266/564/572
f 227/549/567 395/548/568 286/565/273
f 286/565/273 395/548/568 287/566/274
f 401/561/571 397/556/267 256/555/267
f 403/567/573 404/568/574 312/569/573
f 405/570/575 316/571/575 404/568/574
f 403/567/573 321/572/576 406/573/576
f 407/574/577 406/573/576 325/575/577
f 408/576/578 409/577/578 326/578/578
f 407/574/577 324/579/579 409/577/578
f 301/580/282 410/581/282 408/576/578
f 411/582/284 412/583/284 374/584/284
f 411/582/284 378/585/580 413/586/581
f 317/587/288 405/570/575 380/588/289
f 398/589/582 397/590/583 396/591/584
f 393/592/585 396/591/584 397/590/583
f 408/593/586 410/594/587 412/595/588
f 411/596/284 413/597/581 409/598/589
f 414/599/590 398/589/582 396/591/584
f 287/566/274 402/563/572 268/600/591
f 268/600/591 402/563/572 266/564/572
f 266/564/572 399/558/569 262/601/298
f 262/601/298 399/558/569 260/560/570
f 260/560/570 400/559/570 263/602/299
f 263/602/299 400/559/570 264/562/571
f 264/562/571 401/561/571 265/603/300
f 265/603/300 401/561/571 256/555/267
f 256/555/267 398/557/267 259/604/267
f 395/548/568 402/563/572 287/566/274
f 394/547/567 228/550/264 393/545/262
f 393/545/262 225/544/262 396/553/265
f 231/554/266 414/605/266 396/553/266
f 226/551/264 394/547/567 227/549/567
f 401/606/592 394/607/593 397/590/583
f 394/607/593 393/592/585 397/590/583
f 401/606/592 395/608/594 394/607/593
f 400/609/594 402/610/595 395/608/594
f 401/606/592 400/609/594 395/608/594
f 400/609/594 399/611/596 402/610/595
f 301/580/282 408/576/578 327/612/597
f 327/612/597 408/576/578 326/578/578
f 326/578/578 409/577/578 328/613/598
f 328/613/598 409/577/578 324/579/579
f 324/579/579 407/574/577 323/614/306
f 323/614/306 407/574/577 325/575/577
f 325/575/577 406/573/576 322/615/599
f 322/615/599 406/573/576 321/572/576
f 321/572/576 403/567/573 314/616/308
f 314/616/308 403/567/573 312/569/573
f 312/569/573 404/568/574 315/617/309
f 315/617/309 404/568/574 316/571/575
f 316/571/575 405/570/575 317/587/288
f 413/586/581 380/588/289 405/570/575
f 380/588/289 413/586/581 379/618/310
f 379/618/310 413/586/581 378/585/580
f 378/585/580 411/582/284 376/619/311
f 376/619/311 411/582/284 374/584/284
f 411/596/284 408/593/586 412/595/588
f 411/596/284 409/598/589 408/593/586
f 413/597/600 405/620/601 407/621/600
f 413/597/600 407/621/600 409/598/602
f 405/620/601 404/622/603 406/623/604
f 405/620/601 406/623/604 407/621/600
f 404/622/603 403/624/605 406/623/604
f 363/505/606 359/625/606 358/510/607
f 362/504/608 359/625/606 363/505/606
f 370/516/609 359/625/606 362/504/608
f 370/516/609 364/506/610 359/625/606
f 364/506/610 222/626/320 359/625/606
f 163/191/321 222/626/320 364/506/610
f 301/627/434 257/628/370 410/629/322
f 398/630/323 257/628/370 259/631/372
f 257/628/611 415/632/612 410/629/611
f 233/633/325 414/634/325 231/635/325
f 244/636/613 414/634/613 233/633/613
f 244/636/614 25/329/614 414/634/614
f 412/637/615 375/638/330 374/639/330
f 412/637/615 385/640/616 375/638/330
f 412/637/615 386/641/557 385/640/616
f 412/637/615 392/642/563 386/641/557
f 410/629/617 199/336/334 412/637/617
f 199/336/334 415/632/612 398/630/618
f 414/634/619 25/329/329 398/630/618
f 25/329/329 199/336/334 398/630/618
f 305/426/438 304/425/437 307/428/439
f 340/494/520 359/496/522 357/493/517
f 154/176/203 359/496/522 222/643/620
f 155/177/204 154/176/203 156/179/208
f 137/178/207 155/177/204 156/179/208
f 154/176/203 357/493/517 359/496/522
f 156/179/208 154/176/203 222/643/620
f 416/644/621 417/645/622 418/646/623
f 418/646/623 417/645/622 419/647/624
f 420/648/625 417/645/622 421/649/626
f 421/649/626 417/645/622 416/644/621
f 418/650/623 419/651/624 422/652/627
f 422/652/627 419/651/624 423/653/628
f 422/652/627 423/653/628 424/654/629
f 424/654/629 423/653/628 425/655/630
f 426/656/631 427/657/632 428/658/633
f 428/658/633 427/657/632 429/659/634
f 430/660/635 429/659/634 431/661/636
f 431/661/636 429/659/634 427/657/632
f 431/661/636 416/644/621 430/660/635
f 430/660/635 416/644/621 418/646/623
f 432/662/637 427/657/632 433/663/638
f 433/663/638 427/657/632 426/656/631
f 431/661/636 427/657/632 434/664/639
f 434/664/639 427/657/632 432/662/637
f 421/649/626 416/644/621 434/664/639
f 434/664/639 416/644/621 431/661/636
f 435/665/640 436/666/641 430/667/635
f 430/667/635 436/666/641 429/668/634
f 428/669/633 429/668/634 437/670/642
f 437/670/642 429/668/634 436/666/641
f 430/667/635 418/650/623 435/665/640
f 435/665/640 418/650/623 422/652/627
f 438/671/643 439/672/644 435/665/640
f 435/665/640 439/672/644 436/666/641
f 437/670/642 436/666/641 440/673/645
f 440/673/645 436/666/641 439/672/644
f 435/665/640 422/652/627 438/671/643
f 438/671/643 422/652/627 424/654/629
f 441/674/646 426/656/631 442/675/647
f 442/675/647 426/656/631 428/658/633
f 433/663/638 426/656/631 443/676/648
f 443/676/648 426/656/631 441/674/646
f 442/677/647 428/669/633 444/678/649
f 444/678/649 428/669/633 437/670/642
f 444/678/649 437/670/642 445/679/650
f 445/679/650 437/670/642 440/673/645
f 446/680/651 447/681/652 448/682/653
f 448/682/653 447/681/652 449/683/654
f 450/684/655 449/683/654 451/685/656
f 451/685/656 449/683/654 447/681/652
f 451/686/656 441/674/646 450/687/655
f 450/687/655 441/674/646 442/675/647
f 452/688/657 447/681/652 453/689/657
f 453/689/657 447/681/652 446/680/651
f 451/685/656 447/681/652 454/690/658
f 454/690/658 447/681/652 452/688/657
f 443/676/648 441/674/646 454/691/658
f 454/691/658 441/674/646 451/686/656
f 455/692/659 456/693/660 450/694/655
f 450/694/655 456/693/660 449/695/654
f 448/696/653 449/695/654 457/697/661
f 457/697/661 449/695/654 456/693/660
f 450/694/655 442/677/647 455/692/659
f 455/692/659 442/677/647 444/678/649
f 458/698/662 459/699/663 455/692/659
f 455/692/659 459/699/663 456/693/660
f 457/697/661 456/693/660 460/700/664
f 460/700/664 456/693/660 459/699/663
f 455/692/659 444/678/649 458/698/662
f 458/698/662 444/678/649 445/679/650
f 461/701/665 462/702/666 463/703/667
f 463/703/667 462/702/666 464/704/668
f 465/705/669 462/702/666 466/706/670
f 466/706/670 462/702/666 461/701/665
f 463/707/667 464/708/668 467/709/671
f 467/709/671 464/708/668 468/710/672
f 467/709/671 468/710/672 469/711/673
f 469/711/673 468/710/672 470/712/674
f 417/645/622 471/713/675 419/647/624
f 419/647/624 471/713/675 472/714/676
f 473/715/677 472/714/676 474/716/678
f 474/716/678 472/714/676 471/713/675
f 474/716/678 461/701/665 473/715/677
f 473/715/677 461/701/665 463/703/667
f 475/717/679 471/713/675 420/648/625
f 420/648/625 471/713/675 417/645/622
f 474/716/678 471/713/675 476/718/680
f 476/718/680 471/713/675 475/717/679
f 466/706/670 461/701/665 476/718/680
f 476/718/680 461/701/665 474/716/678
f 477/719/681 478/720/682 473/721/677
f 473/721/677 478/720/682 472/722/676
f 419/651/624 472/722/676 423/653/628
f 423/653/628 472/722/676 478/720/682
f 473/721/677 463/707/667 477/719/681
f 477/719/681 463/707/667 467/709/671
f 479/723/683 480/724/684 477/719/681
f 477/719/681 480/724/684 478/720/682
f 423/653/628 478/720/682 425/655/630
f 425/655/630 478/720/682 480/724/684
f 477/719/681 467/709/671 479/723/683
f 479/723/683 467/709/671 469/711/673
f 481/725/685 482/726/686 483/727/687
f 483/727/687 482/726/686 484/728/688
f 485/729/689 482/726/686 481/725/685
f 483/730/687 484/731/688 486/732/690
f 486/732/690 484/731/688 487/733/691
f 486/732/690 487/733/691 488/734/692
f 488/734/692 487/733/691 489/735/693
f 462/702/666 490/736/694 464/704/668
f 464/704/668 490/736/694 491/737/695
f 492/738/696 491/737/695 493/739/697
f 493/739/697 491/737/695 490/736/694
f 493/739/697 481/725/685 492/738/696
f 492/738/696 481/725/685 483/727/687
f 494/740/698 490/736/694 465/705/669
f 465/705/669 490/736/694 462/702/666
f 493/739/697 490/736/694 495/741/699
f 495/741/699 490/736/694 494/740/698
f 485/729/689 481/725/685 495/741/699
f 495/741/699 481/725/685 493/739/697
f 496/742/700 497/743/701 492/744/696
f 492/744/696 497/743/701 491/745/695
f 464/708/668 491/745/695 468/710/672
f 468/710/672 491/745/695 497/743/701
f 492/744/696 483/730/687 496/742/700
f 496/742/700 483/730/687 486/732/690
f 498/746/702 499/747/703 496/742/700
f 496/742/700 499/747/703 497/743/701
f 468/710/672 497/743/701 470/712/674
f 470/712/674 497/743/701 499/747/703
f 496/742/700 486/732/690 498/746/702
f 498/746/702 486/732/690 488/734/692
f 500/748/704 446/680/651 501/749/705
f 501/749/705 446/680/651 448/682/653
f 453/689/657 446/680/651 502/750/706
f 502/750/706 446/680/651 500/748/704
f 501/751/705 448/696/653 503/752/707
f 503/752/707 448/696/653 457/697/661
f 503/752/707 457/697/661 504/753/708
f 504/753/708 457/697/661 460/700/664
f 482/726/686 505/754/709 484/728/688
f 484/728/688 505/754/709 506/755/710
f 507/756/711 506/755/710 508/757/712
f 508/757/712 506/755/710 505/754/709
f 508/757/712 500/748/704 507/756/711
f 507/756/711 500/748/704 501/749/705
f 508/757/712 505/754/709 509/758/713
f 509/758/713 505/754/709 510/759/713
f 502/750/706 500/748/704 509/758/713
f 509/758/713 500/748/704 508/757/712
f 511/760/714 512/761/715 507/762/711
f 507/762/711 512/761/715 506/763/710
f 484/731/688 506/763/710 487/733/691
f 487/733/691 506/763/710 512/761/715
f 507/762/711 501/751/705 511/760/714
f 511/760/714 501/751/705 503/752/707
f 513/764/716 514/765/717 511/760/714
f 511/760/714 514/765/717 512/761/715
f 487/733/691 512/761/715 489/735/693
f 489/735/693 512/761/715 514/765/717
f 511/760/714 503/752/707 513/764/716
f 513/764/716 503/752/707 504/753/708
f 470/712/674 515/766/718 469/711/673
f 469/711/673 515/766/718 516/767/719
f 420/768/720 517/769/720 485/770/720
f 479/723/683 518/771/721 480/724/684
f 480/724/684 518/771/721 519/772/722
f 514/765/717 520/773/723 489/735/693
f 489/735/693 520/773/723 521/774/724
f 439/672/644 522/775/725 440/673/645
f 440/673/645 522/775/725 523/776/726
f 513/764/716 504/753/708 524/777/727
f 524/777/727 504/753/708 525/778/728
f 438/671/643 526/779/729 439/672/644
f 439/672/644 526/779/729 522/775/725
f 498/746/702 527/780/730 499/747/703
f 499/747/703 527/780/730 528/781/731
f 458/698/662 529/782/732 459/699/663
f 459/699/663 529/782/732 530/783/733
f 425/655/630 531/784/734 424/654/629
f 424/654/629 531/784/734 532/785/735
f 489/735/693 521/774/724 488/734/692
f 488/734/692 521/774/724 533/786/736
f 513/764/716 524/777/727 514/765/717
f 514/765/717 524/777/727 520/773/723
f 424/654/629 532/785/735 438/671/643
f 438/671/643 532/785/735 526/779/729
f 499/747/703 528/781/731 470/712/674
f 470/712/674 528/781/731 515/766/718
f 459/699/663 530/783/733 460/700/664
f 460/700/664 530/783/733 534/787/737
f 445/679/650 535/788/738 458/698/662
f 458/698/662 535/788/738 529/782/732
f 469/711/673 516/767/719 479/723/683
f 479/723/683 516/767/719 518/771/721
f 488/734/692 533/786/736 498/746/702
f 498/746/702 533/786/736 527/780/730
f 440/673/645 523/776/726 445/679/650
f 445/679/650 523/776/726 535/788/738
f 525/778/728 504/753/708 534/787/737
f 534/787/737 504/753/708 460/700/664
f 480/724/684 519/772/722 425/655/630
f 425/655/630 519/772/722 531/784/734
f 536/789/739 537/790/740 521/774/724
f 521/774/724 537/790/740 533/786/736
f 533/786/736 537/790/740 527/780/730
f 527/780/730 537/790/740 538/791/741
f 528/781/731 527/780/730 539/792/742
f 539/792/742 527/780/730 538/791/741
f 515/766/718 528/781/731 540/793/743
f 540/793/743 528/781/731 539/792/742
f 516/767/719 515/766/718 541/794/744
f 541/794/744 515/766/718 540/793/743
f 516/767/719 541/794/744 518/771/721
f 518/771/721 541/794/744 542/795/745
f 518/771/721 542/795/745 519/772/722
f 519/772/722 542/795/745 543/796/746
f 531/784/734 519/772/722 544/797/747
f 544/797/747 519/772/722 543/796/746
f 531/784/734 544/797/747 532/785/735
f 532/785/735 544/797/747 545/798/748
f 526/779/729 532/785/735 546/799/749
f 546/799/749 532/785/735 545/798/748
f 522/775/725 526/779/729 547/800/750
f 547/800/750 526/779/729 546/799/749
f 523/776/726 522/775/725 548/801/751
f 548/801/751 522/775/725 547/800/750
f 523/776/726 548/801/751 535/788/738
f 535/788/738 548/801/751 549/802/752
f 529/782/732 535/788/738 550/803/753
f 550/803/753 535/788/738 549/802/752
f 529/782/732 550/803/753 530/783/733
f 530/783/733 550/803/753 551/804/754
f 530/783/733 551/804/754 534/787/737
f 534/787/737 551/804/754 552/805/755
f 553/806/756 525/778/728 552/805/755
f 552/805/755 525/778/728 534/787/737
f 524/777/727 525/778/728 554/807/757
f 554/807/757 525/778/728 553/806/756
f 520/773/723 524/777/727 555/808/758
f 555/808/758 524/777/727 554/807/757
f 520/773/723 555/808/758 521/774/724
f 521/774/724 555/808/758 536/789/739
f 556/809/759 557/810/760 536/789/739
f 536/789/739 557/810/760 537/790/740
f 537/790/740 557/810/760 538/791/741
f 538/791/741 557/810/760 558/811/761
f 539/792/742 538/791/741 559/812/762
f 559/812/762 538/791/741 558/811/761
f 540/793/743 539/792/742 560/813/763
f 560/813/763 539/792/742 559/812/762
f 541/794/744 540/793/743 561/814/764
f 561/814/764 540/793/743 560/813/763
f 541/794/744 561/814/764 542/795/745
f 542/795/745 561/814/764 562/815/765
f 542/795/745 562/815/765 543/796/746
f 543/796/746 562/815/765 563/816/766
f 544/797/747 543/796/746 564/817/767
f 564/817/767 543/796/746 563/816/766
f 545/798/748 544/797/747 565/818/768
f 565/818/768 544/797/747 564/817/767
f 545/798/748 565/818/768 546/799/749
f 546/799/749 565/818/768 566/819/769
f 547/800/750 546/799/749 567/820/770
f 567/820/770 546/799/749 566/819/769
f 548/801/751 547/800/750 568/821/771
f 568/821/771 547/800/750 567/820/770
f 548/801/751 568/821/771 549/802/752
f 549/802/752 568/821/771 569/822/772
f 550/803/753 549/802/752 570/823/773
f 570/823/773 549/802/752 569/822/772
f 550/803/753 570/823/773 551/804/754
f 551/804/754 570/823/773 571/824/774
f 551/804/754 571/824/774 552/805/755
f 552/805/755 571/824/774 572/825/775
f 573/826/776 553/806/756 572/825/775
f 572/825/775 553/806/756 552/805/755
f 554/807/757 553/806/756 574/827/777
f 574/827/777 553/806/756 573/826/776
f 555/808/758 554/807/757 575/828/778
f 575/828/778 554/807/757 574/827/777
f 555/808/758 575/828/778 536/789/739
f 536/789/739 575/828/778 556/809/759
f 559/812/762 576/829/779 560/813/763
f 564/817/767 576/829/779 565/818/768
f 556/809/759 576/829/779 557/810/760
f 567/820/770 576/829/779 568/821/771
f 576/829/779 574/827/777 573/826/776
f 565/818/768 576/829/779 566/819/769
f 562/815/765 576/829/779 563/816/766
f 575/828/778 574/827/777 576/829/779
f 576/829/779 573/826/776 572/825/775
f 563/816/766 576/829/779 564/817/767
f 557/810/760 576/829/779 558/811/761
f 568/821/771 576/829/779 569/822/772
f 558/811/761 576/829/779 559/812/762
f 570/823/773 576/829/779 571/824/774
f 569/822/772 576/829/779 570/823/773
f 561/814/764 576/829/779 562/815/765
f 560/813/763 576/829/779 561/814/764
f 571/824/774 576/829/779 572/825/775
f 575/828/778 576/829/779 556/809/759
f 566/819/769 576/829/779 567/820/770
f 485/729/689 517/830/780 482/726/686
f 517/830/780 510/759/713 482/726/686
f 505/754/709 482/726/686 510/759/713
f 421/831/720 510/832/720 420/768/720
f 420/768/720 510/832/720 517/769/720
f 475/833/720 485/770/720 476/834/720
f 420/768/720 485/770/720 475/833/720
f 476/834/720 495/835/720 466/836/720
f 476/834/720 485/770/720 495/835/720
f 466/836/720 494/837/720 465/838/781
f 466/836/720 495/835/720 494/837/720
f 509/839/720 510/832/720 434/840/720
f 434/840/720 510/832/720 421/831/720
f 509/839/720 432/841/720 502/842/720
f 509/839/720 434/840/720 432/841/720
f 502/842/720 433/843/720 443/844/720
f 502/842/720 432/841/720 433/843/720
f 502/842/720 443/844/720 454/845/720
f 502/842/720 454/845/720 452/846/720
f 502/842/720 452/846/720 453/847/720
f 577/848/621 578/849/622 579/850/623
f 579/850/623 578/849/622 580/851/624
f 581/852/782 578/849/622 582/853/782
f 582/853/782 578/849/622 577/848/621
f 579/854/623 580/855/624 583/856/627
f 583/856/627 580/855/624 584/857/628
f 583/856/627 584/857/628 585/858/629
f 585/858/629 584/857/628 586/859/630
f 587/860/631 588/861/632 589/862/633
f 589/862/633 588/861/632 590/863/634
f 591/864/635 590/863/634 592/865/636
f 592/865/636 590/863/634 588/861/632
f 592/865/636 577/848/621 591/864/635
f 591/864/635 577/848/621 579/850/623
f 593/866/637 588/861/632 594/867/638
f 594/867/638 588/861/632 587/860/631
f 592/865/636 588/861/632 595/868/639
f 595/868/639 588/861/632 593/866/637
f 582/853/782 577/848/621 595/868/639
f 595/868/639 577/848/621 592/865/636
f 596/869/640 597/870/641 591/871/635
f 591/871/635 597/870/641 590/872/634
f 589/873/633 590/872/634 598/874/642
f 598/874/642 590/872/634 597/870/641
f 591/871/635 579/854/623 596/869/640
f 596/869/640 579/854/623 583/856/627
f 599/875/643 600/876/644 596/869/640
f 596/869/640 600/876/644 597/870/641
f 598/874/642 597/870/641 601/877/645
f 601/877/645 597/870/641 600/876/644
f 596/869/640 583/856/627 599/875/643
f 599/875/643 583/856/627 585/858/629
f 602/878/646 587/860/631 603/879/647
f 603/879/647 587/860/631 589/862/633
f 594/867/638 587/860/631 604/880/648
f 604/880/648 587/860/631 602/878/646
f 603/881/647 589/873/633 605/882/649
f 605/882/649 589/873/633 598/874/642
f 605/882/649 598/874/642 606/883/783
f 606/883/783 598/874/642 601/877/645
f 607/884/651 608/885/652 609/886/653
f 609/886/653 608/885/652 610/887/784
f 611/888/655 610/887/784 612/889/656
f 612/889/656 610/887/784 608/885/652
f 612/890/656 602/878/646 611/891/655
f 611/891/655 602/878/646 603/879/647
f 613/892/785 608/885/652 614/893/657
f 614/893/657 608/885/652 607/884/651
f 612/889/656 608/885/652 615/894/658
f 615/894/658 608/885/652 613/892/785
f 604/880/648 602/878/646 615/895/658
f 615/895/658 602/878/646 612/890/656
f 616/896/659 617/897/660 611/898/655
f 611/898/655 617/897/660 610/899/784
f 609/900/653 610/899/784 618/901/661
f 618/901/661 610/899/784 617/897/660
f 611/898/655 603/881/647 616/896/659
f 616/896/659 603/881/647 605/882/649
f 619/902/662 620/903/663 616/896/659
f 616/896/659 620/903/663 617/897/660
f 618/901/661 617/897/660 621/904/664
f 621/904/664 617/897/660 620/903/663
f 616/896/659 605/882/649 619/902/662
f 619/902/662 605/882/649 606/883/783
f 622/905/665 623/906/666 624/907/667
f 624/907/667 623/906/666 625/908/668
f 626/909/669 623/906/666 627/910/670
f 627/910/670 623/906/666 622/905/665
f 624/911/667 625/912/668 628/913/671
f 628/913/671 625/912/668 629/914/672
f 628/913/671 629/914/672 630/915/673
f 630/915/673 629/914/672 631/916/674
f 578/849/622 632/917/675 580/851/624
f 580/851/624 632/917/675 633/918/676
f 634/919/677 633/918/676 635/920/678
f 635/920/678 633/918/676 632/917/675
f 635/920/678 622/905/665 634/919/677
f 634/919/677 622/905/665 624/907/667
f 636/921/786 632/917/675 581/852/782
f 581/852/782 632/917/675 578/849/622
f 635/920/678 632/917/675 637/922/787
f 637/922/787 632/917/675 636/921/786
f 627/910/670 622/905/665 637/922/787
f 637/922/787 622/905/665 635/920/678
f 638/923/681 639/924/682 634/925/677
f 634/925/677 639/924/682 633/926/676
f 580/855/624 633/926/676 584/857/628
f 584/857/628 633/926/676 639/924/682
f 634/925/677 624/911/667 638/923/681
f 638/923/681 624/911/667 628/913/671
f 640/927/683 641/928/684 638/923/681
f 638/923/681 641/928/684 639/924/682
f 584/857/628 639/924/682 586/859/630
f 586/859/630 639/924/682 641/928/684
f 638/923/681 628/913/671 640/927/683
f 640/927/683 628/913/671 630/915/673
f 642/929/685 643/930/788 644/931/687
f 644/931/687 643/930/788 645/932/688
f 646/933/689 643/930/788 642/929/685
f 644/934/687 645/935/688 647/936/690
f 647/936/690 645/935/688 648/937/691
f 647/936/690 648/937/691 649/938/692
f 649/938/692 648/937/691 650/939/693
f 623/906/666 651/940/694 625/908/668
f 625/908/668 651/940/694 652/941/695
f 653/942/696 652/941/695 654/943/697
f 654/943/697 652/941/695 651/940/694
f 654/943/697 642/929/685 653/942/696
f 653/942/696 642/929/685 644/931/687
f 655/944/789 651/940/694 626/909/669
f 626/909/669 651/940/694 623/906/666
f 654/943/697 651/940/694 656/945/790
f 656/945/790 651/940/694 655/944/789
f 646/933/689 642/929/685 656/945/790
f 656/945/790 642/929/685 654/943/697
f 657/946/700 658/947/701 653/948/696
f 653/948/696 658/947/701 652/949/695
f 625/912/668 652/949/695 629/914/672
f 629/914/672 652/949/695 658/947/701
f 653/948/696 644/934/687 657/946/700
f 657/946/700 644/934/687 647/936/690
f 659/950/702 660/951/703 657/946/700
f 657/946/700 660/951/703 658/947/701
f 629/914/672 658/947/701 631/916/674
f 631/916/674 658/947/701 660/951/703
f 657/946/700 647/936/690 659/950/702
f 659/950/702 647/936/690 649/938/692
f 661/952/704 607/884/651 662/953/705
f 662/953/705 607/884/651 609/886/653
f 614/893/657 607/884/651 663/954/706
f 663/954/706 607/884/651 661/952/704
f 662/955/705 609/900/653 664/956/707
f 664/956/707 609/900/653 618/901/661
f 664/956/707 618/901/661 665/957/708
f 665/957/708 618/901/661 621/904/664
f 643/930/788 666/958/709 645/932/688
f 645/932/688 666/958/709 667/959/710
f 668/960/711 667/959/710 669/961/712
f 669/961/712 667/959/710 666/958/709
f 669/961/712 661/952/704 668/960/711
f 668/960/711 661/952/704 662/953/705
f 669/961/712 666/958/709 670/962/713
f 670/962/713 666/958/709 671/963/791
f 663/954/706 661/952/704 670/962/713
f 670/962/713 661/952/704 669/961/712
f 672/964/714 673/965/715 668/966/711
f 668/966/711 673/965/715 667/967/710
f 645/935/688 667/967/710 648/937/691
f 648/937/691 667/967/710 673/965/715
f 668/966/711 662/955/705 672/964/714
f 672/964/714 662/955/705 664/956/707
f 674/968/716 675/969/717 672/964/714
f 672/964/714 675/969/717 673/965/715
f 648/937/691 673/965/715 650/939/693
f 650/939/693 673/965/715 675/969/717
f 672/964/714 664/956/707 674/968/716
f 674/968/716 664/956/707 665/957/708
f 631/916/674 676/970/718 630/915/673
f 630/915/673 676/970/718 677/971/719
f 581/972/782 678/973/720 646/974/720
f 640/927/683 679/975/721 641/928/684
f 641/928/684 679/975/721 680/976/722
f 675/969/717 681/977/723 650/939/693
f 650/939/693 681/977/723 682/978/724
f 600/876/644 683/979/725 601/877/645
f 601/877/645 683/979/725 684/980/726
f 674/968/716 665/957/708 685/981/792
f 685/981/792 665/957/708 686/982/728
f 599/875/643 687/983/729 600/876/644
f 600/876/644 687/983/729 683/979/725
f 659/950/702 688/984/730 660/951/703
f 660/951/703 688/984/730 689/985/731
f 619/902/662 690/986/732 620/903/663
f 620/903/663 690/986/732 691/987/733
f 586/859/630 692/988/734 585/858/629
f 585/858/629 692/988/734 693/989/735
f 650/939/693 682/978/724 649/938/692
f 649/938/692 682/978/724 694/990/736
f 674/968/716 685/981/792 675/969/717
f 675/969/717 685/981/792 681/977/723
f 585/858/629 693/989/735 599/875/643
f 599/875/643 693/989/735 687/983/729
f 660/951/703 689/985/731 631/916/674
f 631/916/674 689/985/731 676/970/718
f 620/903/663 691/987/733 621/904/664
f 621/904/664 691/987/733 695/991/737
f 606/883/783 696/992/738 619/902/662
f 619/902/662 696/992/738 690/986/732
f 630/915/673 677/971/719 640/927/683
f 640/927/683 677/971/719 679/975/721
f 649/938/692 694/990/736 659/950/702
f 659/950/702 694/990/736 688/984/730
f 601/877/645 684/980/726 606/883/783
f 606/883/783 684/980/726 696/992/738
f 686/982/728 665/957/708 695/991/737
f 695/991/737 665/957/708 621/904/664
f 641/928/684 680/976/722 586/859/630
f 586/859/630 680/976/722 692/988/734
f 697/993/739 698/994/740 682/978/724
f 682/978/724 698/994/740 694/990/736
f 694/990/736 698/994/740 688/984/730
f 688/984/730 698/994/740 699/995/741
f 689/985/731 688/984/730 700/996/742
f 700/996/742 688/984/730 699/995/741
f 676/970/718 689/985/731 701/997/743
f 701/997/743 689/985/731 700/996/742
f 677/971/719 676/970/718 702/998/744
f 702/998/744 676/970/718 701/997/743
f 677/971/719 702/998/744 679/975/721
f 679/975/721 702/998/744 703/999/745
f 679/975/721 703/999/745 680/976/722
f 680/976/722 703/999/745 704/1000/746
f 692/988/734 680/976/722 705/1001/747
f 705/1001/747 680/976/722 704/1000/746
f 692/988/734 705/1001/747 693/989/735
f 693/989/735 705/1001/747 706/1002/748
f 687/983/729 693/989/735 707/1003/749
f 707/1003/749 693/989/735 706/1002/748
f 683/979/725 687/983/729 708/1004/750
f 708/1004/750 687/983/729 707/1003/749
f 684/980/726 683/979/725 709/1005/751
f 709/1005/751 683/979/725 708/1004/750
f 684/980/726 709/1005/751 696/992/738
f 696/992/738 709/1005/751 710/1006/752
f 690/986/732 696/992/738 711/1007/753
f 711/1007/753 696/992/738 710/1006/752
f 690/986/732 711/1007/753 691/987/733
f 691/987/733 711/1007/753 712/1008/754
f 691/987/733 712/1008/754 695/991/737
f 695/991/737 712/1008/754 713/1009/755
f 714/1010/756 686/982/728 713/1009/755
f 713/1009/755 686/982/728 695/991/737
f 685/981/792 686/982/728 715/1011/757
f 715/1011/757 686/982/728 714/1010/756
f 681/977/723 685/981/792 716/1012/758
f 716/1012/758 685/981/792 715/1011/757
f 681/977/723 716/1012/758 682/978/724
f 682/978/724 716/1012/758 697/993/739
f 717/1013/759 718/1014/760 697/993/739
f 697/993/739 718/1014/760 698/994/740
f 698/994/740 718/1014/760 699/995/741
f 699/995/741 718/1014/760 719/1015/761
f 700/996/742 699/995/741 720/1016/762
f 720/1016/762 699/995/741 719/1015/761
f 701/997/743 700/996/742 721/1017/763
f 721/1017/763 700/996/742 720/1016/762
f 702/998/744 701/997/743 722/1018/764
f 722/1018/764 701/997/743 721/1017/763
f 702/998/744 722/1018/764 703/999/745
f 703/999/745 722/1018/764 723/1019/765
f 703/999/745 723/1019/765 704/1000/746
f 704/1000/746 723/1019/765 724/1020/766
f 705/1001/747 704/1000/746 725/1021/767
f 725/1021/767 704/1000/746 724/1020/766
f 706/1002/748 705/1001/747 726/1022/793
f 726/1022/793 705/1001/747 725/1021/767
f 706/1002/748 726/1022/793 707/1003/749
f 707/1003/749 726/1022/793 727/1023/794
f 708/1004/750 707/1003/749 728/1024/770
f 728/1024/770 707/1003/749 727/1023/794
f 709/1005/751 708/1004/750 729/1025/771
f 729/1025/771 708/1004/750 728/1024/770
f 709/1005/751 729/1025/771 710/1006/752
f 710/1006/752 729/1025/771 730/1026/772
f 711/1007/753 710/1006/752 731/1027/773
f 731/1027/773 710/1006/752 730/1026/772
f 711/1007/753 731/1027/773 712/1008/754
f 712/1008/754 731/1027/773 732/1028/795
f 712/1008/754 732/1028/795 713/1009/755
f 713/1009/755 732/1028/795 733/1029/775
f 734/1030/776 714/1010/756 733/1029/775
f 733/1029/775 714/1010/756 713/1009/755
f 715/1011/757 714/1010/756 735/1031/777
f 735/1031/777 714/1010/756 734/1030/776
f 716/1012/758 715/1011/757 736/1032/796
f 736/1032/796 715/1011/757 735/1031/777
f 716/1012/758 736/1032/796 697/993/739
f 697/993/739 736/1032/796 717/1013/759
f 720/1016/762 737/1033/779 721/1017/763
f 725/1021/767 737/1033/779 726/1022/793
f 717/1013/759 737/1033/779 718/1014/760
f 728/1024/770 737/1033/779 729/1025/771
f 737/1033/779 735/1031/777 734/1030/776
f 726/1022/793 737/1033/779 727/1023/794
f 723/1019/765 737/1033/779 724/1020/766
f 736/1032/796 735/1031/777 737/1033/779
f 737/1033/779 734/1030/776 733/1029/775
f 724/1020/766 737/1033/779 725/1021/767
f 718/1014/760 737/1033/779 719/1015/761
f 729/1025/771 737/1033/779 730/1026/772
f 719/1015/761 737/1033/779 720/1016/762
f 731/1027/773 737/1033/779 732/1028/795
f 730/1026/772 737/1033/779 731/1027/773
f 722/1018/764 737/1033/779 723/1019/765
f 721/1017/763 737/1033/779 722/1018/764
f 732/1028/795 737/1033/779 733/1029/775
f 736/1032/796 737/1033/779 717/1013/759
f 727/1023/794 737/1033/779 728/1024/770
f 646/933/689 678/1034/720 643/930/788
f 678/1034/720 671/963/791 643/930/788
f 666/958/709 643/930/788 671/963/791
f 582/1035/782 671/1036/791 581/972/782
f 581/972/782 671/1036/791 678/973/720
f 636/1037/720 646/974/720 637/1038/720
f 581/972/782 646/974/720 636/1037/786
f 637/1038/720 656/1039/720 627/1040/720
f 637/1038/720 646/974/720 656/1039/720
f 627/1040/720 655/1041/720 626/1042/781
f 627/1040/720 656/1039/720 655/1041/720
f 670/1043/713 671/1036/791 595/1044/720
f 595/1044/720 671/1036/791 582/1035/782
f 670/1043/720 593/1045/720 663/1046/720
f 670/1043/720 595/1044/720 593/1045/720
f 663/1046/720 594/1047/720 604/1048/720
f 663/1046/720 593/1045/720 594/1047/720
f 663/1046/720 604/1048/720 615/1049/720
f 663/1046/720 615/1049/720 613/1050/720
f 663/1046/720 613/1050/720 614/1051/720
f 738/1052/797 739/1053/798 740/1054/799
f 739/1053/798 741/1055/800 740/1054/799
f 742/1056/626 743/1057/782 740/1054/799
f 743/1057/782 738/1052/797 740/1054/799
f 739/1058/798 744/1059/801 741/1060/800
f 744/1059/801 745/1061/802 741/1060/800
f 744/1059/801 746/1062/803 745/1061/802
f 746/1062/803 747/1063/804 745/1061/802
f 748/1064/805 749/1065/806 750/1066/807
f 749/1065/806 751/1067/808 750/1066/807
f 752/1068/809 753/1069/810 751/1067/808
f 753/1069/810 750/1066/807 751/1067/808
f 753/1069/810 752/1068/809 738/1052/797
f 752/1068/809 739/1053/798 738/1052/797
f 754/1070/638 755/1071/811 750/1066/807
f 755/1071/811 748/1064/805 750/1066/807
f 753/1069/810 756/1072/639 750/1066/807
f 756/1072/639 754/1070/638 750/1066/807
f 743/1057/782 756/1072/639 738/1052/797
f 756/1072/639 753/1069/810 738/1052/797
f 757/1073/812 752/1074/809 758/1075/813
f 752/1074/809 751/1076/808 758/1075/813
f 749/1077/806 759/1078/814 751/1076/808
f 759/1078/814 758/1075/813 751/1076/808
f 752/1074/809 757/1073/812 739/1058/798
f 757/1073/812 744/1059/801 739/1058/798
f 760/1079/815 757/1073/812 761/1080/816
f 757/1073/812 758/1075/813 761/1080/816
f 759/1078/814 762/1081/817 758/1075/813
f 762/1081/817 761/1080/816 758/1075/813
f 757/1073/812 760/1079/815 744/1059/801
f 760/1079/815 746/1062/803 744/1059/801
f 763/1082/818 764/1083/819 748/1064/805
f 764/1083/819 749/1065/806 748/1064/805
f 755/1071/811 765/1084/648 748/1064/805
f 765/1084/648 763/1082/818 748/1064/805
f 764/1085/819 766/1086/820 749/1077/806
f 766/1086/820 759/1078/814 749/1077/806
f 766/1086/820 767/1087/821 759/1078/814
f 767/1087/821 762/1081/817 759/1078/814
f 768/1088/822 769/1089/823 770/1090/824
f 769/1089/823 771/1091/825 770/1090/824
f 772/1092/826 773/1093/827 771/1091/825
f 773/1093/827 770/1090/824 771/1091/825
f 773/1094/827 772/1095/826 763/1082/818
f 772/1095/826 764/1083/819 763/1082/818
f 774/1096/657 775/1097/657 770/1090/824
f 775/1097/657 768/1088/822 770/1090/824
f 773/1093/827 776/1098/658 770/1090/824
f 776/1098/658 774/1096/657 770/1090/824
f 765/1084/648 776/1099/658 763/1082/818
f 776/1099/658 773/1094/827 763/1082/818
f 777/1100/828 772/1101/826 778/1102/829
f 772/1101/826 771/1103/825 778/1102/829
f 769/1104/823 779/1105/830 771/1103/825
f 779/1105/830 778/1102/829 771/1103/825
f 772/1101/826 777/1100/828 764/1085/819
f 777/1100/828 766/1086/820 764/1085/819
f 780/1106/831 777/1100/828 781/1107/832
f 777/1100/828 778/1102/829 781/1107/832
f 779/1105/830 782/1108/833 778/1102/829
f 782/1108/833 781/1107/832 778/1102/829
f 777/1100/828 780/1106/831 766/1086/820
f 780/1106/831 767/1087/821 766/1086/820
f 783/1109/834 784/1110/835 785/1111/836
f 784/1110/835 786/1112/837 785/1111/836
f 787/1113/670 788/1114/669 785/1111/836
f 788/1114/669 783/1109/834 785/1111/836
f 784/1115/835 789/1116/838 786/1117/837
f 789/1116/838 790/1118/839 786/1117/837
f 789/1116/838 791/1119/840 790/1118/839
f 791/1119/840 792/1120/841 790/1118/839
f 740/1054/799 741/1055/800 793/1121/842
f 741/1055/800 794/1122/843 793/1121/842
f 795/1123/844 796/1124/845 794/1122/843
f 796/1124/845 793/1121/842 794/1122/843
f 796/1124/845 795/1123/844 783/1109/834
f 795/1123/844 784/1110/835 783/1109/834
f 797/1125/846 742/1056/626 793/1121/842
f 742/1056/626 740/1054/799 793/1121/842
f 796/1124/845 798/1126/847 793/1121/842
f 798/1126/847 797/1125/846 793/1121/842
f 788/1114/669 798/1126/847 783/1109/834
f 798/1126/847 796/1124/845 783/1109/834
f 799/1127/848 795/1128/844 800/1129/849
f 795/1128/844 794/1130/843 800/1129/849
f 741/1060/800 745/1061/802 794/1130/843
f 745/1061/802 800/1129/849 794/1130/843
f 795/1128/844 799/1127/848 784/1115/835
f 799/1127/848 789/1116/838 784/1115/835
f 801/1131/850 799/1127/848 802/1132/851
f 799/1127/848 800/1129/849 802/1132/851
f 745/1061/802 747/1063/804 800/1129/849
f 747/1063/804 802/1132/851 800/1129/849
f 799/1127/848 801/1131/850 789/1116/838
f 801/1131/850 791/1119/840 789/1116/838
f 803/1133/852 804/1134/853 805/1135/854
f 804/1134/853 806/1136/855 805/1135/854
f 807/1137/856 803/1133/852 805/1135/854
f 804/1138/853 808/1139/857 806/1140/855
f 808/1139/857 809/1141/858 806/1140/855
f 808/1139/857 810/1142/859 809/1141/858
f 810/1142/859 811/1143/860 809/1141/858
f 785/1111/836 786/1112/837 812/1144/861
f 786/1112/837 813/1145/862 812/1144/861
f 814/1146/863 815/1147/864 813/1145/862
f 815/1147/864 812/1144/861 813/1145/862
f 815/1147/864 814/1146/863 803/1133/852
f 814/1146/863 804/1134/853 803/1133/852
f 816/1148/789 787/1113/670 812/1144/861
f 787/1113/670 785/1111/836 812/1144/861
f 815/1147/864 817/1149/699 812/1144/861
f 817/1149/699 816/1148/789 812/1144/861
f 807/1137/856 817/1149/699 803/1133/852
f 817/1149/699 815/1147/864 803/1133/852
f 818/1150/865 814/1151/863 819/1152/866
f 814/1151/863 813/1153/862 819/1152/866
f 786/1117/837 790/1118/839 813/1153/862
f 790/1118/839 819/1152/866 813/1153/862
f 814/1151/863 818/1150/865 804/1138/853
f 818/1150/865 808/1139/857 804/1138/853
f 820/1154/867 818/1150/865 821/1155/868
f 818/1150/865 819/1152/866 821/1155/868
f 790/1118/839 792/1120/841 819/1152/866
f 792/1120/841 821/1155/868 819/1152/866
f 818/1150/865 820/1154/867 808/1139/857
f 820/1154/867 810/1142/859 808/1139/857
f 822/1156/869 823/1157/870 768/1088/822
f 823/1157/870 769/1089/823 768/1088/822
f 775/1097/657 824/1158/871 768/1088/822
f 824/1158/871 822/1156/869 768/1088/822
f 823/1159/870 825/1160/872 769/1104/823
f 825/1160/872 779/1105/830 769/1104/823
f 825/1160/872 826/1161/873 779/1105/830
f 826/1161/873 782/1108/833 779/1105/830
f 805/1135/854 806/1136/855 827/1162/874
f 806/1136/855 828/1163/875 827/1162/874
f 829/1164/876 830/1165/877 828/1163/875
f 830/1165/877 827/1162/874 828/1163/875
f 830/1165/877 829/1164/876 822/1156/869
f 829/1164/876 823/1157/870 822/1156/869
f 830/1165/877 831/1166/713 827/1162/874
f 831/1166/713 832/1167/713 827/1162/874
f 824/1158/871 831/1166/713 822/1156/869
f 831/1166/713 830/1165/877 822/1156/869
f 833/1168/878 829/1169/876 834/1170/879
f 829/1169/876 828/1171/875 834/1170/879
f 806/1140/855 809/1141/858 828/1171/875
f 809/1141/858 834/1170/879 828/1171/875
f 829/1169/876 833/1168/878 823/1159/870
f 833/1168/878 825/1160/872 823/1159/870
f 835/1172/880 833/1168/878 836/1173/881
f 833/1168/878 834/1170/879 836/1173/881
f 809/1141/858 811/1143/860 834/1170/879
f 811/1143/860 836/1173/881 834/1170/879
f 833/1168/878 835/1172/880 825/1160/872
f 835/1172/880 826/1161/873 825/1160/872
f 792/1120/841 791/1119/840 837/1174/882
f 791/1119/840 838/1175/883 837/1174/882
f 742/1176/884 807/1177/884 839/1178/884
f 801/1131/850 802/1132/851 840/1179/885
f 802/1132/851 841/1180/886 840/1179/885
f 836/1173/881 811/1143/860 842/1181/887
f 811/1143/860 843/1182/888 842/1181/887
f 761/1080/816 762/1081/817 844/1183/889
f 762/1081/817 845/1184/890 844/1183/889
f 835/1172/880 846/1185/891 826/1161/873
f 846/1185/891 847/1186/892 826/1161/873
f 760/1079/815 761/1080/816 848/1187/893
f 761/1080/816 844/1183/889 848/1187/893
f 820/1154/867 821/1155/868 849/1188/894
f 821/1155/868 850/1189/895 849/1188/894
f 780/1106/831 781/1107/832 851/1190/896
f 781/1107/832 852/1191/897 851/1190/896
f 747/1063/804 746/1062/803 853/1192/898
f 746/1062/803 854/1193/899 853/1192/898
f 811/1143/860 810/1142/859 843/1182/888
f 810/1142/859 855/1194/900 843/1182/888
f 835/1172/880 836/1173/881 846/1185/891
f 836/1173/881 842/1181/887 846/1185/891
f 746/1062/803 760/1079/815 854/1193/899
f 760/1079/815 848/1187/893 854/1193/899
f 821/1155/868 792/1120/841 850/1189/895
f 792/1120/841 837/1174/882 850/1189/895
f 781/1107/832 782/1108/833 852/1191/897
f 782/1108/833 856/1195/901 852/1191/897
f 767/1087/821 780/1106/831 857/1196/902
f 780/1106/831 851/1190/896 857/1196/902
f 791/1119/840 801/1131/850 838/1175/883
f 801/1131/850 840/1179/885 838/1175/883
f 810/1142/859 820/1154/867 855/1194/900
f 820/1154/867 849/1188/894 855/1194/900
f 762/1081/817 767/1087/821 845/1184/890
f 767/1087/821 857/1196/902 845/1184/890
f 847/1186/892 856/1195/901 826/1161/873
f 856/1195/901 782/1108/833 826/1161/873
f 802/1132/851 747/1063/804 841/1180/886
f 747/1063/804 853/1192/898 841/1180/886
f 858/1197/903 843/1182/888 859/1198/904
f 843/1182/888 855/1194/900 859/1198/904
f 855/1194/900 849/1188/894 859/1198/904
f 849/1188/894 860/1199/905 859/1198/904
f 850/1189/895 861/1200/906 849/1188/894
f 861/1200/906 860/1199/905 849/1188/894
f 837/1174/882 862/1201/907 850/1189/895
f 862/1201/907 861/1200/906 850/1189/895
f 838/1175/883 863/1202/908 837/1174/882
f 863/1202/908 862/1201/907 837/1174/882
f 838/1175/883 840/1179/885 863/1202/908
f 840/1179/885 864/1203/909 863/1202/908
f 840/1179/885 841/1180/886 864/1203/909
f 841/1180/886 865/1204/910 864/1203/909
f 853/1192/898 866/1205/911 841/1180/886
f 866/1205/911 865/1204/910 841/1180/886
f 853/1192/898 854/1193/899 866/1205/911
f 854/1193/899 867/1206/912 866/1205/911
f 848/1187/893 868/1207/913 854/1193/899
f 868/1207/913 867/1206/912 854/1193/899
f 844/1183/889 869/1208/914 848/1187/893
f 869/1208/914 868/1207/913 848/1187/893
f 845/1184/890 870/1209/915 844/1183/889
f 870/1209/915 869/1208/914 844/1183/889
f 845/1184/890 857/1196/902 870/1209/915
f 857/1196/902 871/1210/916 870/1209/915
f 851/1190/896 872/1211/917 857/1196/902
f 872/1211/917 871/1210/916 857/1196/902
f 851/1190/896 852/1191/897 872/1211/917
f 852/1191/897 873/1212/918 872/1211/917
f 852/1191/897 856/1195/901 873/1212/918
f 856/1195/901 874/1213/919 873/1212/918
f 875/1214/920 874/1213/919 847/1186/892
f 874/1213/919 856/1195/901 847/1186/892
f 846/1185/891 876/1215/921 847/1186/892
f 876/1215/921 875/1214/920 847/1186/892
f 842/1181/887 877/1216/922 846/1185/891
f 877/1216/922 876/1215/921 846/1185/891
f 842/1181/887 843/1182/888 877/1216/922
f 843/1182/888 858/1197/903 877/1216/922
f 878/1217/923 858/1197/903 879/1218/924
f 858/1197/903 859/1198/904 879/1218/924
f 859/1198/904 860/1199/905 879/1218/924
f 860/1199/905 880/1219/925 879/1218/924
f 861/1200/906 881/1220/926 860/1199/905
f 881/1220/926 880/1219/925 860/1199/905
f 862/1201/907 882/1221/927 861/1200/906
f 882/1221/927 881/1220/926 861/1200/906
f 863/1202/908 883/1222/928 862/1201/907
f 883/1222/928 882/1221/927 862/1201/907
f 863/1202/908 864/1203/909 883/1222/928
f 864/1203/909 884/1223/929 883/1222/928
f 864/1203/909 865/1204/910 884/1223/929
f 865/1204/910 885/1224/930 884/1223/929
f 866/1205/911 886/1225/931 865/1204/910
f 886/1225/931 885/1224/930 865/1204/910
f 867/1206/912 887/1226/932 866/1205/911
f 887/1226/932 886/1225/931 866/1205/911
f 867/1206/912 868/1207/913 887/1226/932
f 868/1207/913 888/1227/933 887/1226/932
f 869/1208/914 889/1228/934 868/1207/913
f 889/1228/934 888/1227/933 868/1207/913
f 870/1209/915 890/1229/935 869/1208/914
f 890/1229/935 889/1228/934 869/1208/914
f 870/1209/915 871/1210/916 890/1229/935
f 871/1210/916 891/1230/936 890/1229/935
f 872/1211/917 892/1231/937 871/1210/916
f 892/1231/937 891/1230/936 871/1210/916
f 872/1211/917 873/1212/918 892/1231/937
f 873/1212/918 893/1232/938 892/1231/937
f 873/1212/918 874/1213/919 893/1232/938
f 874/1213/919 894/1233/939 893/1232/938
f 895/1234/940 894/1233/939 875/1214/920
f 894/1233/939 874/1213/919 875/1214/920
f 876/1215/921 896/1235/941 875/1214/920
f 896/1235/941 895/1234/940 875/1214/920
f 877/1216/922 897/1236/942 876/1215/921
f 897/1236/942 896/1235/941 876/1215/921
f 877/1216/922 858/1197/903 897/1236/942
f 858/1197/903 878/1217/923 897/1236/942
f 881/1220/926 882/1221/927 898/1237/943
f 886/1225/931 887/1226/932 898/1237/943
f 878/1217/923 879/1218/924 898/1237/943
f 889/1228/934 890/1229/935 898/1237/943
f 898/1237/943 895/1234/940 896/1235/941
f 887/1226/932 888/1227/933 898/1237/943
f 884/1223/929 885/1224/930 898/1237/943
f 897/1236/942 898/1237/943 896/1235/941
f 898/1237/943 894/1233/939 895/1234/940
f 885/1224/930 886/1225/931 898/1237/943
f 879/1218/924 880/1219/925 898/1237/943
f 890/1229/935 891/1230/936 898/1237/943
f 880/1219/925 881/1220/926 898/1237/943
f 892/1231/937 893/1232/938 898/1237/943
f 891/1230/936 892/1231/937 898/1237/943
f 883/1222/928 884/1223/929 898/1237/943
f 882/1221/927 883/1222/928 898/1237/943
f 893/1232/938 894/1233/939 898/1237/943
f 897/1236/942 878/1217/923 898/1237/943
f 888/1227/933 889/1228/934 898/1237/943
f 807/1137/856 805/1135/854 839/1238/780
f 839/1238/780 805/1135/854 832/1167/713
f 827/1162/874 832/1167/713 805/1135/854
f 743/1239/884 742/1176/884 832/1240/884
f 742/1176/884 839/1178/884 832/1240/884
f 797/1241/884 798/1242/884 807/1177/884
f 742/1176/884 797/1241/884 807/1177/884
f 798/1242/884 788/1243/884 817/1244/884
f 798/1242/884 817/1244/884 807/1177/884
f 788/1243/884 787/1245/944 816/1246/884
f 788/1243/884 816/1246/884 817/1244/884
f 831/1247/884 756/1248/884 832/1240/884
f 756/1248/884 743/1239/884 832/1240/884
f 831/1247/884 824/1249/884 754/1250/884
f 831/1247/884 754/1250/884 756/1248/884
f 824/1249/884 765/1251/884 755/1252/884
f 824/1249/884 755/1252/884 754/1250/884
f 824/1249/884 776/1253/884 765/1251/884
f 824/1249/884 774/1254/884 776/1253/884
f 824/1249/884 775/1255/884 774/1254/884
f 899/1256/797 900/1257/798 901/1258/799
f 900/1257/798 902/1259/800 901/1258/799
f 903/1260/782 904/1261/782 901/1258/799
f 904/1261/782 899/1256/797 901/1258/799
f 900/1262/798 905/1263/801 902/1264/800
f 905/1263/801 906/1265/802 902/1264/800
f 905/1263/801 907/1266/803 906/1265/802
f 907/1266/803 908/1267/804 906/1265/802
f 909/1268/805 910/1269/806 911/1270/807
f 910/1269/806 912/1271/808 911/1270/807
f 913/1272/809 914/1273/810 912/1271/808
f 914/1273/810 911/1270/807 912/1271/808
f 914/1273/810 913/1272/809 899/1256/797
f 913/1272/809 900/1257/798 899/1256/797
f 915/1274/638 916/1275/638 911/1270/807
f 916/1275/638 909/1268/805 911/1270/807
f 914/1273/810 917/1276/639 911/1270/807
f 917/1276/639 915/1274/638 911/1270/807
f 904/1261/782 917/1276/639 899/1256/797
f 917/1276/639 914/1273/810 899/1256/797
f 918/1277/812 913/1278/809 919/1279/813
f 913/1278/809 912/1280/808 919/1279/813
f 910/1281/806 920/1282/814 912/1280/808
f 920/1282/814 919/1279/813 912/1280/808
f 913/1278/809 918/1277/812 900/1262/798
f 918/1277/812 905/1263/801 900/1262/798
f 921/1283/815 918/1277/812 922/1284/816
f 918/1277/812 919/1279/813 922/1284/816
f 920/1282/814 923/1285/817 919/1279/813
f 923/1285/817 922/1284/816 919/1279/813
f 918/1277/812 921/1283/815 905/1263/801
f 921/1283/815 907/1266/803 905/1263/801
f 924/1286/818 925/1287/819 909/1268/805
f 925/1287/819 910/1269/806 909/1268/805
f 916/1275/638 926/1288/945 909/1268/805
f 926/1288/945 924/1286/818 909/1268/805
f 925/1289/819 927/1290/820 910/1281/806
f 927/1290/820 920/1282/814 910/1281/806
f 927/1290/820 928/1291/821 920/1282/814
f 928/1291/821 923/1285/817 920/1282/814
f 929/1292/822 930/1293/823 931/1294/824
f 930/1293/823 932/1295/946 931/1294/824
f 933/1296/826 934/1297/827 932/1295/946
f 934/1297/827 931/1294/824 932/1295/946
f 934/1298/827 933/1299/826 924/1286/818
f 933/1299/826 925/1287/819 924/1286/818
f 935/1300/657 936/1301/947 931/1294/824
f 936/1301/947 929/1292/822 931/1294/824
f 934/1297/827 937/1302/658 931/1294/824
f 937/1302/658 935/1300/657 931/1294/824
f 926/1288/945 937/1303/658 924/1286/818
f 937/1303/658 934/1298/827 924/1286/818
f 938/1304/828 933/1305/826 939/1306/829
f 933/1305/826 932/1307/946 939/1306/829
f 930/1308/823 940/1309/830 932/1307/946
f 940/1309/830 939/1306/829 932/1307/946
f 933/1305/826 938/1304/828 925/1289/819
f 938/1304/828 927/1290/820 925/1289/819
f 941/1310/831 938/1304/828 942/1311/832
f 938/1304/828 939/1306/829 942/1311/832
f 940/1309/830 943/1312/833 939/1306/829
f 943/1312/833 942/1311/832 939/1306/829
f 938/1304/828 941/1310/831 927/1290/820
f 941/1310/831 928/1291/821 927/1290/820
f 944/1313/948 945/1314/835 946/1315/836
f 945/1314/835 947/1316/837 946/1315/836
f 948/1317/670 949/1318/949 946/1315/836
f 949/1318/949 944/1313/948 946/1315/836
f 945/1319/835 950/1320/838 947/1321/837
f 950/1320/838 951/1322/950 947/1321/837
f 950/1320/838 952/1323/840 951/1322/950
f 952/1323/840 953/1324/841 951/1322/950
f 901/1258/799 902/1259/800 954/1325/842
f 902/1259/800 955/1326/843 954/1325/842
f 956/1327/844 957/1328/845 955/1326/843
f 957/1328/845 954/1325/842 955/1326/843
f 957/1328/845 956/1327/844 944/1313/948
f 956/1327/844 945/1314/835 944/1313/948
f 958/1329/846 903/1260/782 954/1325/842
f 903/1260/782 901/1258/799 954/1325/842
f 957/1328/845 959/1330/847 954/1325/842
f 959/1330/847 958/1329/846 954/1325/842
f 949/1318/949 959/1330/847 944/1313/948
f 959/1330/847 957/1328/845 944/1313/948
f 960/1331/848 956/1332/844 961/1333/849
f 956/1332/844 955/1334/843 961/1333/849
f 902/1264/800 906/1265/802 955/1334/843
f 906/1265/802 961/1333/849 955/1334/843
f 956/1332/844 960/1331/848 945/1319/835
f 960/1331/848 950/1320/838 945/1319/835
f 962/1335/850 960/1331/848 963/1336/851
f 960/1331/848 961/1333/849 963/1336/851
f 906/1265/802 908/1267/804 961/1333/849
f 908/1267/804 963/1336/851 961/1333/849
f 960/1331/848 962/1335/850 950/1320/838
f 962/1335/850 952/1323/840 950/1320/838
f 964/1337/852 965/1338/853 966/1339/854
f 965/1338/853 967/1340/951 966/1339/854
f 968/1341/689 964/1337/852 966/1339/854
f 965/1342/853 969/1343/857 967/1344/951
f 969/1343/857 970/1345/858 967/1344/951
f 969/1343/857 971/1346/859 970/1345/858
f 971/1346/859 972/1347/860 970/1345/858
f 946/1315/836 947/1316/837 973/1348/861
f 947/1316/837 974/1349/862 973/1348/861
f 975/1350/863 976/1351/864 974/1349/862
f 976/1351/864 973/1348/861 974/1349/862
f 976/1351/864 975/1350/863 964/1337/852
f 975/1350/863 965/1338/853 964/1337/852
f 977/1352/789 948/1317/670 973/1348/861
f 948/1317/670 946/1315/836 973/1348/861
f 976/1351/864 978/1353/699 973/1348/861
f 978/1353/699 977/1352/789 973/1348/861
f 968/1341/689 978/1353/699 964/1337/852
f 978/1353/699 976/1351/864 964/1337/852
f 979/1354/952 975/1355/863 980/1356/866
f 975/1355/863 974/1357/862 980/1356/866
f 947/1321/837 951/1322/950 974/1357/862
f 951/1322/950 980/1356/866 974/1357/862
f 975/1355/863 979/1354/952 965/1342/853
f 979/1354/952 969/1343/857 965/1342/853
f 981/1358/867 979/1354/952 982/1359/868
f 979/1354/952 980/1356/866 982/1359/868
f 951/1322/950 953/1324/841 980/1356/866
f 953/1324/841 982/1359/868 980/1356/866
f 979/1354/952 981/1358/867 969/1343/857
f 981/1358/867 971/1346/859 969/1343/857
f 983/1360/869 984/1361/870 929/1292/822
f 984/1361/870 930/1293/823 929/1292/822
f 936/1301/947 985/1362/706 929/1292/822
f 985/1362/706 983/1360/869 929/1292/822
f 984/1363/870 986/1364/872 930/1308/823
f 986/1364/872 940/1309/830 930/1308/823
f 986/1364/872 987/1365/873 940/1309/830
f 987/1365/873 943/1312/833 940/1309/830
f 966/1339/854 967/1340/951 988/1366/874
f 967/1340/951 989/1367/875 988/1366/874
f 990/1368/876 991/1369/877 989/1367/875
f 991/1369/877 988/1366/874 989/1367/875
f 991/1369/877 990/1368/876 983/1360/869
f 990/1368/876 984/1361/870 983/1360/869
f 991/1369/877 992/1370/713 988/1366/874
f 992/1370/713 993/1371/713 988/1366/874
f 985/1362/706 992/1370/713 983/1360/869
f 992/1370/713 991/1369/877 983/1360/869
f 994/1372/878 990/1373/876 995/1374/879
f 990/1373/876 989/1375/875 995/1374/879
f 967/1344/951 970/1345/858 989/1375/875
f 970/1345/858 995/1374/879 989/1375/875
f 990/1373/876 994/1372/878 984/1363/870
f 994/1372/878 986/1364/872 984/1363/870
f 996/1376/880 994/1372/878 997/1377/881
f 994/1372/878 995/1374/879 997/1377/881
f 970/1345/858 972/1347/860 995/1374/879
f 972/1347/860 997/1377/881 995/1374/879
f 994/1372/878 996/1376/880 986/1364/872
f 996/1376/880 987/1365/873 986/1364/872
f 953/1324/841 952/1323/840 998/1378/882
f 952/1323/840 999/1379/883 998/1378/882
f 903/1380/884 968/1381/689 1000/1382/884
f 962/1335/850 963/1336/851 1001/1383/885
f 963/1336/851 1002/1384/886 1001/1383/885
f 997/1377/881 972/1347/860 1003/1385/887
f 972/1347/860 1004/1386/888 1003/1385/887
f 922/1284/816 923/1285/817 1005/1387/889
f 923/1285/817 1006/1388/890 1005/1387/889
f 996/1376/880 1007/1389/891 987/1365/873
f 1007/1389/891 1008/1390/892 987/1365/873
f 921/1283/815 922/1284/816 1009/1391/893
f 922/1284/816 1005/1387/889 1009/1391/893
f 981/1358/867 982/1359/868 1010/1392/894
f 982/1359/868 1011/1393/895 1010/1392/894
f 941/1310/831 942/1311/832 1012/1394/896
f 942/1311/832 1013/1395/897 1012/1394/896
f 908/1267/804 907/1266/803 1014/1396/898
f 907/1266/803 1015/1397/899 1014/1396/898
f 972/1347/860 971/1346/859 1004/1386/888
f 971/1346/859 1016/1398/900 1004/1386/888
f 996/1376/880 997/1377/881 1007/1389/891
f 997/1377/881 1003/1385/887 1007/1389/891
f 907/1266/803 921/1283/815 1015/1397/899
f 921/1283/815 1009/1391/893 1015/1397/899
f 982/1359/868 953/1324/841 1011/1393/895
f 953/1324/841 998/1378/882 1011/1393/895
f 942/1311/832 943/1312/833 1013/1395/897
f 943/1312/833 1017/1399/901 1013/1395/897
f 928/1291/821 941/1310/831 1018/1400/902
f 941/1310/831 1012/1394/896 1018/1400/902
f 952/1323/840 962/1335/850 999/1379/883
f 962/1335/850 1001/1383/885 999/1379/883
f 971/1346/859 981/1358/867 1016/1398/900
f 981/1358/867 1010/1392/894 1016/1398/900
f 923/1285/817 928/1291/821 1006/1388/890
f 928/1291/821 1018/1400/902 1006/1388/890
f 1008/1390/892 1017/1399/901 987/1365/873
f 1017/1399/901 943/1312/833 987/1365/873
f 963/1336/851 908/1267/804 1002/1384/886
f 908/1267/804 1014/1396/898 1002/1384/886
f 1019/1401/903 1004/1386/888 1020/1402/904
f 1004/1386/888 1016/1398/900 1020/1402/904
f 1016/1398/900 1010/1392/894 1020/1402/904
f 1010/1392/894 1021/1403/905 1020/1402/904
f 1011/1393/895 1022/1404/906 1010/1392/894
f 1022/1404/906 1021/1403/905 1010/1392/894
f 998/1378/882 1023/1405/907 1011/1393/895
f 1023/1405/907 1022/1404/906 1011/1393/895
f 999/1379/883 1024/1406/953 998/1378/882
f 1024/1406/953 1023/1405/907 998/1378/882
f 999/1379/883 1001/1383/885 1024/1406/953
f 1001/1383/885 1025/1407/909 1024/1406/953
f 1001/1383/885 1002/1384/886 1025/1407/909
f 1002/1384/886 1026/1408/954 1025/1407/909
f 1014/1396/898 1027/1409/911 1002/1384/886
f 1027/1409/911 1026/1408/954 1002/1384/886
f 1014/1396/898 1015/1397/899 1027/1409/911
f 1015/1397/899 1028/1410/912 1027/1409/911
f 1009/1391/893 1029/1411/913 1015/1397/899
f 1029/1411/913 1028/1410/912 1015/1397/899
f 1005/1387/889 1030/1412/914 1009/1391/893
f 1030/1412/914 1029/1411/913 1009/1391/893
f 1006/1388/890 1031/1413/915 1005/1387/889
f 1031/1413/915 1030/1412/914 1005/1387/889
f 1006/1388/890 1018/1400/902 1031/1413/915
f 1018/1400/902 1032/1414/916 1031/1413/915
f 1012/1394/896 1033/1415/917 1018/1400/902
f 1033/1415/917 1032/1414/916 1018/1400/902
f 1012/1394/896 1013/1395/897 1033/1415/917
f 1013/1395/897 1034/1416/918 1033/1415/917
f 1013/1395/897 1017/1399/901 1034/1416/918
f 1017/1399/901 1035/1417/919 1034/1416/918
f 1036/1418/920 1035/1417/919 1008/1390/892
f 1035/1417/919 1017/1399/901 1008/1390/892
f 1007/1389/891 1037/1419/921 1008/1390/892
f 1037/1419/921 1036/1418/920 1008/1390/892
f 1003/1385/887 1038/1420/922 1007/1389/891
f 1038/1420/922 1037/1419/921 1007/1389/891
f 1003/1385/887 1004/1386/888 1038/1420/922
f 1004/1386/888 1019/1401/903 1038/1420/922
f 1039/1421/923 1019/1401/903 1040/1422/924
f 1019/1401/903 1020/1402/904 1040/1422/924
f 1020/1402/904 1021/1403/905 1040/1422/924
f 1021/1403/905 1041/1423/925 1040/1422/924
f 1022/1404/906 1042/1424/926 1021/1403/905
f 1042/1424/926 1041/1423/925 1021/1403/905
f 1023/1405/907 1043/1425/955 1022/1404/906
f 1043/1425/955 1042/1424/926 1022/1404/906
f 1024/1406/953 1044/1426/928 1023/1405/907
f 1044/1426/928 1043/1425/955 1023/1405/907
f 1024/1406/953 1025/1407/909 1044/1426/928
f 1025/1407/909 1045/1427/929 1044/1426/928
f 1025/1407/909 1026/1408/954 1045/1427/929
f 1026/1408/954 1046/1428/930 1045/1427/929
f 1027/1409/911 1047/1429/931 1026/1408/954
f 1047/1429/931 1046/1428/930 1026/1408/954
f 1028/1410/912 1048/1430/932 1027/1409/911
f 1048/1430/932 1047/1429/931 1027/1409/911
f 1028/1410/912 1029/1411/913 1048/1430/932
f 1029/1411/913 1049/1431/933 1048/1430/932
f 1030/1412/914 1050/1432/934 1029/1411/913
f 1050/1432/934 1049/1431/933 1029/1411/913
f 1031/1413/915 1051/1433/935 1030/1412/914
f 1051/1433/935 1050/1432/934 1030/1412/914
f 1031/1413/915 1032/1414/916 1051/1433/935
f 1032/1414/916 1052/1434/936 1051/1433/935
f 1033/1415/917 1053/1435/937 1032/1414/916
f 1053/1435/937 1052/1434/936 1032/1414/916
f 1033/1415/917 1034/1416/918 1053/1435/937
f 1034/1416/918 1054/1436/938 1053/1435/937
f 1034/1416/918 1035/1417/919 1054/1436/938
f 1035/1417/919 1055/1437/939 1054/1436/938
f 1056/1438/940 1055/1437/939 1036/1418/920
f 1055/1437/939 1035/1417/919 1036/1418/920
f 1037/1419/921 1057/1439/941 1036/1418/920
f 1057/1439/941 1056/1438/940 1036/1418/920
f 1038/1420/922 1058/1440/942 1037/1419/921
f 1058/1440/942 1057/1439/941 1037/1419/921
f 1038/1420/922 1019/1401/903 1058/1440/942
f 1019/1401/903 1039/1421/923 1058/1440/942
f 1042/1424/926 1043/1425/955 1059/1441/943
f 1047/1429/931 1048/1430/932 1059/1441/943
f 1039/1421/923 1040/1422/924 1059/1441/943
f 1050/1432/934 1051/1433/935 1059/1441/943
f 1059/1441/943 1056/1438/940 1057/1439/941
f 1048/1430/932 1049/1431/933 1059/1441/943
f 1045/1427/929 1046/1428/930 1059/1441/943
f 1058/1440/942 1059/1441/943 1057/1439/941
f 1059/1441/943 1055/1437/939 1056/1438/940
f 1046/1428/930 1047/1429/931 1059/1441/943
f 1040/1422/924 1041/1423/925 1059/1441/943
f 1051/1433/935 1052/1434/936 1059/1441/943
f 1041/1423/925 1042/1424/926 1059/1441/943
f 1053/1435/937 1054/1436/938 1059/1441/943
f 1052/1434/936 1053/1435/937 1059/1441/943
f 1044/1426/928 1045/1427/929 1059/1441/943
f 1043/1425/955 1044/1426/928 1059/1441/943
f 1054/1436/938 1055/1437/939 1059/1441/943
f 1058/1440/942 1039/1421/923 1059/1441/943
f 1049/1431/933 1050/1432/934 1059/1441/943
f 968/1341/689 966/1339/854 1000/1442/780
f 1000/1442/780 966/1339/854 993/1371/713
f 988/1366/874 993/1371/713 966/1339/854
f 904/1443/884 903/1380/884 993/1444/884
f 903/1380/884 1000/1382/884 993/1444/884
f 958/1445/884 959/1446/884 968/1381/689
f 903/1380/884 958/1445/884 968/1381/689
f 959/1446/884 949/1447/884 978/1448/699
f 959/1446/884 978/1448/699 968/1381/689
f 949/1447/944 948/1449/944 977/1450/944
f 949/1447/884 977/1450/789 978/1448/699
f 992/1451/884 917/1452/884 993/1444/884
f 917/1452/884 904/1443/884 993/1444/884
f 992/1451/884 985/1453/884 915/1454/884
f 992/1451/884 915/1454/884 917/1452/884
f 985/1453/884 926/1455/884 916/1456/884
f 985/1453/884 916/1456/884 915/1454/884
f 985/1453/884 937/1457/884 926/1455/884
f 985/1453/884 935/1458/884 937/1457/884
f 985/1453/884 936/1459/884 935/1458/884
f 360/500/541 390/541/561 368/511/564
f 198/235/257 194/231/252 172/201/255
f 197/234/256 390/541/561 391/542/562
f 195/232/253 194/231/252 197/234/256
f 366/508/534 365/507/533 368/511/536
f 172/201/227 167/195/222 169/197/224
f 34/39/35 32/37/33 30/35/31
f 248/367/361 34/39/35 30/35/31
f 284/405/397 283/404/396 282/403/395
f 68/75/69 87/94/956 69/76/70
f 278/399/391 283/404/396 284/405/397
f 87/94/956 68/75/69 67/74/68
f 47/52/48 54/59/55 48/53/49
f 261/380/374 267/386/380 262/381/375
f 224/338/337 240/395/353 235/351/348
f 3/3/14 18/67/19 55/60/56
f 219/330/285 190/334/332 196/335/333
f 257/628/611 398/630/618 415/632/612
f 412/637/615 199/336/957 392/642/563
f 199/336/334 410/629/617 415/632/612
